--
-- PostgreSQL database dump
--

-- Dumped from database version 16.4 (Debian 16.4-1.pgdg120+1)
-- Dumped by pg_dump version 16.4 (Debian 16.4-1.pgdg120+1)

SET statement_timeout = 0;
SET lock_timeout = 0;
SET idle_in_transaction_session_timeout = 0;
SET client_encoding = 'UTF8';
SET standard_conforming_strings = on;
SELECT pg_catalog.set_config('search_path', '', false);
SET check_function_bodies = false;
SET xmloption = content;
SET client_min_messages = warning;
SET row_security = off;

SET default_tablespace = '';

SET default_table_access_method = heap;

--
-- Name: auth_group; Type: TABLE; Schema: public; Owner: ht_med_crm
--

CREATE TABLE public.auth_group (
    id integer NOT NULL,
    name character varying(150) NOT NULL
);


ALTER TABLE public.auth_group OWNER TO ht_med_crm;

--
-- Name: auth_group_id_seq; Type: SEQUENCE; Schema: public; Owner: ht_med_crm
--

ALTER TABLE public.auth_group ALTER COLUMN id ADD GENERATED BY DEFAULT AS IDENTITY (
    SEQUENCE NAME public.auth_group_id_seq
    START WITH 1
    INCREMENT BY 1
    NO MINVALUE
    NO MAXVALUE
    CACHE 1
);


--
-- Name: auth_group_permissions; Type: TABLE; Schema: public; Owner: ht_med_crm
--

CREATE TABLE public.auth_group_permissions (
    id bigint NOT NULL,
    group_id integer NOT NULL,
    permission_id integer NOT NULL
);


ALTER TABLE public.auth_group_permissions OWNER TO ht_med_crm;

--
-- Name: auth_group_permissions_id_seq; Type: SEQUENCE; Schema: public; Owner: ht_med_crm
--

ALTER TABLE public.auth_group_permissions ALTER COLUMN id ADD GENERATED BY DEFAULT AS IDENTITY (
    SEQUENCE NAME public.auth_group_permissions_id_seq
    START WITH 1
    INCREMENT BY 1
    NO MINVALUE
    NO MAXVALUE
    CACHE 1
);


--
-- Name: auth_permission; Type: TABLE; Schema: public; Owner: ht_med_crm
--

CREATE TABLE public.auth_permission (
    id integer NOT NULL,
    name character varying(255) NOT NULL,
    content_type_id integer NOT NULL,
    codename character varying(100) NOT NULL
);


ALTER TABLE public.auth_permission OWNER TO ht_med_crm;

--
-- Name: auth_permission_id_seq; Type: SEQUENCE; Schema: public; Owner: ht_med_crm
--

ALTER TABLE public.auth_permission ALTER COLUMN id ADD GENERATED BY DEFAULT AS IDENTITY (
    SEQUENCE NAME public.auth_permission_id_seq
    START WITH 1
    INCREMENT BY 1
    NO MINVALUE
    NO MAXVALUE
    CACHE 1
);


--
-- Name: authtoken_token; Type: TABLE; Schema: public; Owner: ht_med_crm
--

CREATE TABLE public.authtoken_token (
    key character varying(40) NOT NULL,
    created timestamp with time zone NOT NULL,
    user_id bigint NOT NULL
);


ALTER TABLE public.authtoken_token OWNER TO ht_med_crm;

--
-- Name: common_customer; Type: TABLE; Schema: public; Owner: ht_med_crm
--

CREATE TABLE public.common_customer (
    id bigint NOT NULL,
    created_at timestamp with time zone,
    updated_at timestamp with time zone,
    name character varying(255),
    status character varying(20) NOT NULL,
    reactivate_data timestamp with time zone,
    extra_phone character varying(20),
    telegram_phone character varying(20),
    phone_number character varying(20) NOT NULL,
    recall_date timestamp with time zone,
    status_changed_at timestamp with time zone,
    copy_customer_id bigint,
    location_id bigint NOT NULL,
    medical_id bigint NOT NULL,
    payment_method_id bigint,
    payment_type_id bigint,
    sector_id bigint NOT NULL,
    seller_id bigint NOT NULL,
    source_id bigint NOT NULL
);


ALTER TABLE public.common_customer OWNER TO ht_med_crm;

--
-- Name: common_customer_id_seq; Type: SEQUENCE; Schema: public; Owner: ht_med_crm
--

ALTER TABLE public.common_customer ALTER COLUMN id ADD GENERATED BY DEFAULT AS IDENTITY (
    SEQUENCE NAME public.common_customer_id_seq
    START WITH 1
    INCREMENT BY 1
    NO MINVALUE
    NO MAXVALUE
    CACHE 1
);


--
-- Name: common_customer_products; Type: TABLE; Schema: public; Owner: ht_med_crm
--

CREATE TABLE public.common_customer_products (
    id bigint NOT NULL,
    customer_id bigint NOT NULL,
    product_id bigint NOT NULL
);


ALTER TABLE public.common_customer_products OWNER TO ht_med_crm;

--
-- Name: common_customer_products_id_seq; Type: SEQUENCE; Schema: public; Owner: ht_med_crm
--

ALTER TABLE public.common_customer_products ALTER COLUMN id ADD GENERATED BY DEFAULT AS IDENTITY (
    SEQUENCE NAME public.common_customer_products_id_seq
    START WITH 1
    INCREMENT BY 1
    NO MINVALUE
    NO MAXVALUE
    CACHE 1
);


--
-- Name: common_location; Type: TABLE; Schema: public; Owner: ht_med_crm
--

CREATE TABLE public.common_location (
    id bigint NOT NULL,
    created_at timestamp with time zone,
    updated_at timestamp with time zone,
    name character varying(255) NOT NULL,
    status boolean NOT NULL,
    latitude double precision NOT NULL,
    longitude double precision NOT NULL,
    seller_id bigint
);


ALTER TABLE public.common_location OWNER TO ht_med_crm;

--
-- Name: common_location_id_seq; Type: SEQUENCE; Schema: public; Owner: ht_med_crm
--

ALTER TABLE public.common_location ALTER COLUMN id ADD GENERATED BY DEFAULT AS IDENTITY (
    SEQUENCE NAME public.common_location_id_seq
    START WITH 1
    INCREMENT BY 1
    NO MINVALUE
    NO MAXVALUE
    CACHE 1
);


--
-- Name: common_medicalsector; Type: TABLE; Schema: public; Owner: ht_med_crm
--

CREATE TABLE public.common_medicalsector (
    id bigint NOT NULL,
    created_at timestamp with time zone,
    updated_at timestamp with time zone,
    name character varying(255) NOT NULL,
    status boolean NOT NULL,
    seller_id bigint,
    inn_number integer NOT NULL,
    location_id bigint,
    sector_id bigint
);


ALTER TABLE public.common_medicalsector OWNER TO ht_med_crm;

--
-- Name: common_medicalsector_id_seq; Type: SEQUENCE; Schema: public; Owner: ht_med_crm
--

ALTER TABLE public.common_medicalsector ALTER COLUMN id ADD GENERATED BY DEFAULT AS IDENTITY (
    SEQUENCE NAME public.common_medicalsector_id_seq
    START WITH 1
    INCREMENT BY 1
    NO MINVALUE
    NO MAXVALUE
    CACHE 1
);


--
-- Name: common_paymentmethod; Type: TABLE; Schema: public; Owner: ht_med_crm
--

CREATE TABLE public.common_paymentmethod (
    id bigint NOT NULL,
    name character varying(255) NOT NULL,
    status boolean NOT NULL,
    created_at timestamp with time zone,
    updated_at timestamp with time zone
);


ALTER TABLE public.common_paymentmethod OWNER TO ht_med_crm;

--
-- Name: common_paymentmethod_id_seq; Type: SEQUENCE; Schema: public; Owner: ht_med_crm
--

ALTER TABLE public.common_paymentmethod ALTER COLUMN id ADD GENERATED BY DEFAULT AS IDENTITY (
    SEQUENCE NAME public.common_paymentmethod_id_seq
    START WITH 1
    INCREMENT BY 1
    NO MINVALUE
    NO MAXVALUE
    CACHE 1
);


--
-- Name: common_paymenttype; Type: TABLE; Schema: public; Owner: ht_med_crm
--

CREATE TABLE public.common_paymenttype (
    id bigint NOT NULL,
    name character varying(255) NOT NULL,
    status boolean NOT NULL,
    image character varying(100),
    created_at timestamp with time zone,
    updated_at timestamp with time zone
);


ALTER TABLE public.common_paymenttype OWNER TO ht_med_crm;

--
-- Name: common_paymenttype_id_seq; Type: SEQUENCE; Schema: public; Owner: ht_med_crm
--

ALTER TABLE public.common_paymenttype ALTER COLUMN id ADD GENERATED BY DEFAULT AS IDENTITY (
    SEQUENCE NAME public.common_paymenttype_id_seq
    START WITH 1
    INCREMENT BY 1
    NO MINVALUE
    NO MAXVALUE
    CACHE 1
);


--
-- Name: common_product; Type: TABLE; Schema: public; Owner: ht_med_crm
--

CREATE TABLE public.common_product (
    id bigint NOT NULL,
    created_at timestamp with time zone,
    updated_at timestamp with time zone,
    image character varying(100) NOT NULL,
    name character varying(255) NOT NULL,
    seller_id bigint,
    status boolean NOT NULL
);


ALTER TABLE public.common_product OWNER TO ht_med_crm;

--
-- Name: common_product_id_seq; Type: SEQUENCE; Schema: public; Owner: ht_med_crm
--

ALTER TABLE public.common_product ALTER COLUMN id ADD GENERATED BY DEFAULT AS IDENTITY (
    SEQUENCE NAME public.common_product_id_seq
    START WITH 1
    INCREMENT BY 1
    NO MINVALUE
    NO MAXVALUE
    CACHE 1
);


--
-- Name: common_sale; Type: TABLE; Schema: public; Owner: ht_med_crm
--

CREATE TABLE public.common_sale (
    id bigint NOT NULL,
    created_at timestamp with time zone,
    updated_at timestamp with time zone,
    quantity integer NOT NULL,
    sale_date timestamp with time zone NOT NULL,
    product_id bigint NOT NULL,
    seller_id bigint NOT NULL,
    CONSTRAINT common_sale_quantity_check CHECK ((quantity >= 0))
);


ALTER TABLE public.common_sale OWNER TO ht_med_crm;

--
-- Name: common_sale_id_seq; Type: SEQUENCE; Schema: public; Owner: ht_med_crm
--

ALTER TABLE public.common_sale ALTER COLUMN id ADD GENERATED BY DEFAULT AS IDENTITY (
    SEQUENCE NAME public.common_sale_id_seq
    START WITH 1
    INCREMENT BY 1
    NO MINVALUE
    NO MAXVALUE
    CACHE 1
);


--
-- Name: common_sector; Type: TABLE; Schema: public; Owner: ht_med_crm
--

CREATE TABLE public.common_sector (
    id bigint NOT NULL,
    created_at timestamp with time zone,
    updated_at timestamp with time zone,
    name character varying(255) NOT NULL,
    status boolean NOT NULL,
    seller_id bigint,
    location_id bigint
);


ALTER TABLE public.common_sector OWNER TO ht_med_crm;

--
-- Name: common_sector_id_seq; Type: SEQUENCE; Schema: public; Owner: ht_med_crm
--

ALTER TABLE public.common_sector ALTER COLUMN id ADD GENERATED BY DEFAULT AS IDENTITY (
    SEQUENCE NAME public.common_sector_id_seq
    START WITH 1
    INCREMENT BY 1
    NO MINVALUE
    NO MAXVALUE
    CACHE 1
);


--
-- Name: common_source; Type: TABLE; Schema: public; Owner: ht_med_crm
--

CREATE TABLE public.common_source (
    id bigint NOT NULL,
    created_at timestamp with time zone,
    updated_at timestamp with time zone,
    name character varying(255) NOT NULL,
    status boolean NOT NULL,
    image character varying(100),
    seller_id bigint
);


ALTER TABLE public.common_source OWNER TO ht_med_crm;

--
-- Name: common_source_id_seq; Type: SEQUENCE; Schema: public; Owner: ht_med_crm
--

ALTER TABLE public.common_source ALTER COLUMN id ADD GENERATED BY DEFAULT AS IDENTITY (
    SEQUENCE NAME public.common_source_id_seq
    START WITH 1
    INCREMENT BY 1
    NO MINVALUE
    NO MAXVALUE
    CACHE 1
);


--
-- Name: common_statuschangerequest; Type: TABLE; Schema: public; Owner: ht_med_crm
--

CREATE TABLE public.common_statuschangerequest (
    id bigint NOT NULL,
    created_at timestamp with time zone,
    updated_at timestamp with time zone,
    type character varying(20) NOT NULL,
    status character varying(20) NOT NULL,
    new_status character varying(20),
    comment_status boolean NOT NULL,
    text character varying(255) NOT NULL,
    admin_response character varying(255) NOT NULL,
    approved_at timestamp with time zone,
    comment_id bigint,
    customer_id bigint,
    seller_id bigint NOT NULL
);


ALTER TABLE public.common_statuschangerequest OWNER TO ht_med_crm;

--
-- Name: common_statuschangerequest_id_seq; Type: SEQUENCE; Schema: public; Owner: ht_med_crm
--

ALTER TABLE public.common_statuschangerequest ALTER COLUMN id ADD GENERATED BY DEFAULT AS IDENTITY (
    SEQUENCE NAME public.common_statuschangerequest_id_seq
    START WITH 1
    INCREMENT BY 1
    NO MINVALUE
    NO MAXVALUE
    CACHE 1
);


--
-- Name: common_sublocation; Type: TABLE; Schema: public; Owner: ht_med_crm
--

CREATE TABLE public.common_sublocation (
    id bigint NOT NULL,
    created_at timestamp with time zone,
    updated_at timestamp with time zone,
    name character varying(255) NOT NULL,
    status boolean NOT NULL,
    location_id bigint NOT NULL,
    seller_id bigint
);


ALTER TABLE public.common_sublocation OWNER TO ht_med_crm;

--
-- Name: common_sublocation_id_seq; Type: SEQUENCE; Schema: public; Owner: ht_med_crm
--

ALTER TABLE public.common_sublocation ALTER COLUMN id ADD GENERATED BY DEFAULT AS IDENTITY (
    SEQUENCE NAME public.common_sublocation_id_seq
    START WITH 1
    INCREMENT BY 1
    NO MINVALUE
    NO MAXVALUE
    CACHE 1
);


--
-- Name: django_admin_log; Type: TABLE; Schema: public; Owner: ht_med_crm
--

CREATE TABLE public.django_admin_log (
    id integer NOT NULL,
    action_time timestamp with time zone NOT NULL,
    object_id text,
    object_repr character varying(200) NOT NULL,
    action_flag smallint NOT NULL,
    change_message text NOT NULL,
    content_type_id integer,
    user_id bigint NOT NULL,
    CONSTRAINT django_admin_log_action_flag_check CHECK ((action_flag >= 0))
);


ALTER TABLE public.django_admin_log OWNER TO ht_med_crm;

--
-- Name: django_admin_log_id_seq; Type: SEQUENCE; Schema: public; Owner: ht_med_crm
--

ALTER TABLE public.django_admin_log ALTER COLUMN id ADD GENERATED BY DEFAULT AS IDENTITY (
    SEQUENCE NAME public.django_admin_log_id_seq
    START WITH 1
    INCREMENT BY 1
    NO MINVALUE
    NO MAXVALUE
    CACHE 1
);


--
-- Name: django_content_type; Type: TABLE; Schema: public; Owner: ht_med_crm
--

CREATE TABLE public.django_content_type (
    id integer NOT NULL,
    app_label character varying(100) NOT NULL,
    model character varying(100) NOT NULL
);


ALTER TABLE public.django_content_type OWNER TO ht_med_crm;

--
-- Name: django_content_type_id_seq; Type: SEQUENCE; Schema: public; Owner: ht_med_crm
--

ALTER TABLE public.django_content_type ALTER COLUMN id ADD GENERATED BY DEFAULT AS IDENTITY (
    SEQUENCE NAME public.django_content_type_id_seq
    START WITH 1
    INCREMENT BY 1
    NO MINVALUE
    NO MAXVALUE
    CACHE 1
);


--
-- Name: django_migrations; Type: TABLE; Schema: public; Owner: ht_med_crm
--

CREATE TABLE public.django_migrations (
    id bigint NOT NULL,
    app character varying(255) NOT NULL,
    name character varying(255) NOT NULL,
    applied timestamp with time zone NOT NULL
);


ALTER TABLE public.django_migrations OWNER TO ht_med_crm;

--
-- Name: django_migrations_id_seq; Type: SEQUENCE; Schema: public; Owner: ht_med_crm
--

ALTER TABLE public.django_migrations ALTER COLUMN id ADD GENERATED BY DEFAULT AS IDENTITY (
    SEQUENCE NAME public.django_migrations_id_seq
    START WITH 1
    INCREMENT BY 1
    NO MINVALUE
    NO MAXVALUE
    CACHE 1
);


--
-- Name: django_session; Type: TABLE; Schema: public; Owner: ht_med_crm
--

CREATE TABLE public.django_session (
    session_key character varying(40) NOT NULL,
    session_data text NOT NULL,
    expire_date timestamp with time zone NOT NULL
);


ALTER TABLE public.django_session OWNER TO ht_med_crm;

--
-- Name: token_blacklist_blacklistedtoken; Type: TABLE; Schema: public; Owner: ht_med_crm
--

CREATE TABLE public.token_blacklist_blacklistedtoken (
    id bigint NOT NULL,
    blacklisted_at timestamp with time zone NOT NULL,
    token_id bigint NOT NULL
);


ALTER TABLE public.token_blacklist_blacklistedtoken OWNER TO ht_med_crm;

--
-- Name: token_blacklist_blacklistedtoken_id_seq; Type: SEQUENCE; Schema: public; Owner: ht_med_crm
--

ALTER TABLE public.token_blacklist_blacklistedtoken ALTER COLUMN id ADD GENERATED BY DEFAULT AS IDENTITY (
    SEQUENCE NAME public.token_blacklist_blacklistedtoken_id_seq
    START WITH 1
    INCREMENT BY 1
    NO MINVALUE
    NO MAXVALUE
    CACHE 1
);


--
-- Name: token_blacklist_outstandingtoken; Type: TABLE; Schema: public; Owner: ht_med_crm
--

CREATE TABLE public.token_blacklist_outstandingtoken (
    id bigint NOT NULL,
    token text NOT NULL,
    created_at timestamp with time zone,
    expires_at timestamp with time zone NOT NULL,
    user_id bigint,
    jti character varying(255) NOT NULL
);


ALTER TABLE public.token_blacklist_outstandingtoken OWNER TO ht_med_crm;

--
-- Name: token_blacklist_outstandingtoken_id_seq; Type: SEQUENCE; Schema: public; Owner: ht_med_crm
--

ALTER TABLE public.token_blacklist_outstandingtoken ALTER COLUMN id ADD GENERATED BY DEFAULT AS IDENTITY (
    SEQUENCE NAME public.token_blacklist_outstandingtoken_id_seq
    START WITH 1
    INCREMENT BY 1
    NO MINVALUE
    NO MAXVALUE
    CACHE 1
);


--
-- Name: user_calendar; Type: TABLE; Schema: public; Owner: ht_med_crm
--

CREATE TABLE public.user_calendar (
    id bigint NOT NULL,
    created_at timestamp with time zone,
    updated_at timestamp with time zone,
    date timestamp with time zone,
    title character varying(255) NOT NULL,
    status boolean NOT NULL,
    is_approved boolean NOT NULL,
    customer_id bigint NOT NULL,
    seller_id bigint NOT NULL
);


ALTER TABLE public.user_calendar OWNER TO ht_med_crm;

--
-- Name: user_calendar_id_seq; Type: SEQUENCE; Schema: public; Owner: ht_med_crm
--

ALTER TABLE public.user_calendar ALTER COLUMN id ADD GENERATED BY DEFAULT AS IDENTITY (
    SEQUENCE NAME public.user_calendar_id_seq
    START WITH 1
    INCREMENT BY 1
    NO MINVALUE
    NO MAXVALUE
    CACHE 1
);


--
-- Name: user_comment; Type: TABLE; Schema: public; Owner: ht_med_crm
--

CREATE TABLE public.user_comment (
    id bigint NOT NULL,
    created_at timestamp with time zone,
    updated_at timestamp with time zone,
    status boolean NOT NULL,
    text text NOT NULL,
    audio character varying(100),
    video character varying(100),
    customer_id bigint NOT NULL,
    seller_id bigint NOT NULL
);


ALTER TABLE public.user_comment OWNER TO ht_med_crm;

--
-- Name: user_comment_id_seq; Type: SEQUENCE; Schema: public; Owner: ht_med_crm
--

ALTER TABLE public.user_comment ALTER COLUMN id ADD GENERATED BY DEFAULT AS IDENTITY (
    SEQUENCE NAME public.user_comment_id_seq
    START WITH 1
    INCREMENT BY 1
    NO MINVALUE
    NO MAXVALUE
    CACHE 1
);


--
-- Name: user_confirmsale; Type: TABLE; Schema: public; Owner: ht_med_crm
--

CREATE TABLE public.user_confirmsale (
    id bigint NOT NULL,
    created_at timestamp with time zone,
    updated_at timestamp with time zone,
    seller_percentage double precision NOT NULL,
    customer_id bigint NOT NULL
);


ALTER TABLE public.user_confirmsale OWNER TO ht_med_crm;

--
-- Name: user_confirmsale_id_seq; Type: SEQUENCE; Schema: public; Owner: ht_med_crm
--

ALTER TABLE public.user_confirmsale ALTER COLUMN id ADD GENERATED BY DEFAULT AS IDENTITY (
    SEQUENCE NAME public.user_confirmsale_id_seq
    START WITH 1
    INCREMENT BY 1
    NO MINVALUE
    NO MAXVALUE
    CACHE 1
);


--
-- Name: user_notifications; Type: TABLE; Schema: public; Owner: ht_med_crm
--

CREATE TABLE public.user_notifications (
    id bigint NOT NULL,
    created_at timestamp with time zone,
    updated_at timestamp with time zone,
    title character varying(255),
    text text NOT NULL,
    is_read boolean NOT NULL,
    link character varying(255),
    seller_id bigint NOT NULL
);


ALTER TABLE public.user_notifications OWNER TO ht_med_crm;

--
-- Name: user_notifications_id_seq; Type: SEQUENCE; Schema: public; Owner: ht_med_crm
--

ALTER TABLE public.user_notifications ALTER COLUMN id ADD GENERATED BY DEFAULT AS IDENTITY (
    SEQUENCE NAME public.user_notifications_id_seq
    START WITH 1
    INCREMENT BY 1
    NO MINVALUE
    NO MAXVALUE
    CACHE 1
);


--
-- Name: user_page; Type: TABLE; Schema: public; Owner: ht_med_crm
--

CREATE TABLE public.user_page (
    id bigint NOT NULL,
    created_at timestamp with time zone,
    updated_at timestamp with time zone,
    name character varying(100) NOT NULL
);


ALTER TABLE public.user_page OWNER TO ht_med_crm;

--
-- Name: user_page_id_seq; Type: SEQUENCE; Schema: public; Owner: ht_med_crm
--

ALTER TABLE public.user_page ALTER COLUMN id ADD GENERATED BY DEFAULT AS IDENTITY (
    SEQUENCE NAME public.user_page_id_seq
    START WITH 1
    INCREMENT BY 1
    NO MINVALUE
    NO MAXVALUE
    CACHE 1
);


--
-- Name: user_seller; Type: TABLE; Schema: public; Owner: ht_med_crm
--

CREATE TABLE public.user_seller (
    id bigint NOT NULL,
    created_at timestamp with time zone,
    updated_at timestamp with time zone,
    phone character varying(50),
    full_name character varying(255) NOT NULL,
    address character varying(255) NOT NULL,
    image character varying(100),
    registered_address character varying(100),
    pinfl character varying(100),
    passport_img character varying(100),
    location_type character varying(10) NOT NULL,
    status character varying(15) NOT NULL,
    personal_phone character varying(50) NOT NULL,
    user_id bigint NOT NULL
);


ALTER TABLE public.user_seller OWNER TO ht_med_crm;

--
-- Name: user_seller_id_seq; Type: SEQUENCE; Schema: public; Owner: ht_med_crm
--

ALTER TABLE public.user_seller ALTER COLUMN id ADD GENERATED BY DEFAULT AS IDENTITY (
    SEQUENCE NAME public.user_seller_id_seq
    START WITH 1
    INCREMENT BY 1
    NO MINVALUE
    NO MAXVALUE
    CACHE 1
);


--
-- Name: user_seller_page_permissions; Type: TABLE; Schema: public; Owner: ht_med_crm
--

CREATE TABLE public.user_seller_page_permissions (
    id bigint NOT NULL,
    seller_id bigint NOT NULL,
    page_id bigint NOT NULL
);


ALTER TABLE public.user_seller_page_permissions OWNER TO ht_med_crm;

--
-- Name: user_seller_page_permissions_id_seq; Type: SEQUENCE; Schema: public; Owner: ht_med_crm
--

ALTER TABLE public.user_seller_page_permissions ALTER COLUMN id ADD GENERATED BY DEFAULT AS IDENTITY (
    SEQUENCE NAME public.user_seller_page_permissions_id_seq
    START WITH 1
    INCREMENT BY 1
    NO MINVALUE
    NO MAXVALUE
    CACHE 1
);


--
-- Name: user_sellerbuttonclick; Type: TABLE; Schema: public; Owner: ht_med_crm
--

CREATE TABLE public.user_sellerbuttonclick (
    id bigint NOT NULL,
    created_at timestamp with time zone,
    updated_at timestamp with time zone,
    date date NOT NULL,
    count integer NOT NULL,
    page_id bigint NOT NULL,
    seller_id bigint NOT NULL
);


ALTER TABLE public.user_sellerbuttonclick OWNER TO ht_med_crm;

--
-- Name: user_sellerbuttonclick_id_seq; Type: SEQUENCE; Schema: public; Owner: ht_med_crm
--

ALTER TABLE public.user_sellerbuttonclick ALTER COLUMN id ADD GENERATED BY DEFAULT AS IDENTITY (
    SEQUENCE NAME public.user_sellerbuttonclick_id_seq
    START WITH 1
    INCREMENT BY 1
    NO MINVALUE
    NO MAXVALUE
    CACHE 1
);


--
-- Name: user_sellercoin; Type: TABLE; Schema: public; Owner: ht_med_crm
--

CREATE TABLE public.user_sellercoin (
    id bigint NOT NULL,
    created_at timestamp with time zone,
    updated_at timestamp with time zone,
    action character varying(12) NOT NULL,
    coins double precision NOT NULL,
    seller_id bigint NOT NULL
);


ALTER TABLE public.user_sellercoin OWNER TO ht_med_crm;

--
-- Name: user_sellercoin_id_seq; Type: SEQUENCE; Schema: public; Owner: ht_med_crm
--

ALTER TABLE public.user_sellercoin ALTER COLUMN id ADD GENERATED BY DEFAULT AS IDENTITY (
    SEQUENCE NAME public.user_sellercoin_id_seq
    START WITH 1
    INCREMENT BY 1
    NO MINVALUE
    NO MAXVALUE
    CACHE 1
);


--
-- Name: user_sellercustomerview; Type: TABLE; Schema: public; Owner: ht_med_crm
--

CREATE TABLE public.user_sellercustomerview (
    id bigint NOT NULL,
    created_at timestamp with time zone,
    updated_at timestamp with time zone,
    viewed_at timestamp with time zone NOT NULL,
    customer_id bigint NOT NULL,
    seller_id bigint NOT NULL
);


ALTER TABLE public.user_sellercustomerview OWNER TO ht_med_crm;

--
-- Name: user_sellercustomerview_id_seq; Type: SEQUENCE; Schema: public; Owner: ht_med_crm
--

ALTER TABLE public.user_sellercustomerview ALTER COLUMN id ADD GENERATED BY DEFAULT AS IDENTITY (
    SEQUENCE NAME public.user_sellercustomerview_id_seq
    START WITH 1
    INCREMENT BY 1
    NO MINVALUE
    NO MAXVALUE
    CACHE 1
);


--
-- Name: user_sellerpagevisitduration; Type: TABLE; Schema: public; Owner: ht_med_crm
--

CREATE TABLE public.user_sellerpagevisitduration (
    id bigint NOT NULL,
    created_at timestamp with time zone,
    updated_at timestamp with time zone,
    duration integer NOT NULL,
    page_id bigint NOT NULL,
    seller_id bigint NOT NULL,
    CONSTRAINT user_sellerpagevisitduration_duration_check CHECK ((duration >= 0))
);


ALTER TABLE public.user_sellerpagevisitduration OWNER TO ht_med_crm;

--
-- Name: user_sellerpagevisitduration_id_seq; Type: SEQUENCE; Schema: public; Owner: ht_med_crm
--

ALTER TABLE public.user_sellerpagevisitduration ALTER COLUMN id ADD GENERATED BY DEFAULT AS IDENTITY (
    SEQUENCE NAME public.user_sellerpagevisitduration_id_seq
    START WITH 1
    INCREMENT BY 1
    NO MINVALUE
    NO MAXVALUE
    CACHE 1
);


--
-- Name: user_sellervisit; Type: TABLE; Schema: public; Owner: ht_med_crm
--

CREATE TABLE public.user_sellervisit (
    id bigint NOT NULL,
    created_at timestamp with time zone,
    updated_at timestamp with time zone,
    last_visit timestamp with time zone,
    visit_count double precision NOT NULL,
    user_id bigint NOT NULL
);


ALTER TABLE public.user_sellervisit OWNER TO ht_med_crm;

--
-- Name: user_sellervisit_id_seq; Type: SEQUENCE; Schema: public; Owner: ht_med_crm
--

ALTER TABLE public.user_sellervisit ALTER COLUMN id ADD GENERATED BY DEFAULT AS IDENTITY (
    SEQUENCE NAME public.user_sellervisit_id_seq
    START WITH 1
    INCREMENT BY 1
    NO MINVALUE
    NO MAXVALUE
    CACHE 1
);


--
-- Name: user_sms; Type: TABLE; Schema: public; Owner: ht_med_crm
--

CREATE TABLE public.user_sms (
    id bigint NOT NULL,
    created_at timestamp with time zone,
    updated_at timestamp with time zone,
    title character varying(255) NOT NULL,
    message text NOT NULL,
    sent_at timestamp with time zone NOT NULL
);


ALTER TABLE public.user_sms OWNER TO ht_med_crm;

--
-- Name: user_sms_id_seq; Type: SEQUENCE; Schema: public; Owner: ht_med_crm
--

ALTER TABLE public.user_sms ALTER COLUMN id ADD GENERATED BY DEFAULT AS IDENTITY (
    SEQUENCE NAME public.user_sms_id_seq
    START WITH 1
    INCREMENT BY 1
    NO MINVALUE
    NO MAXVALUE
    CACHE 1
);


--
-- Name: user_sms_sellers; Type: TABLE; Schema: public; Owner: ht_med_crm
--

CREATE TABLE public.user_sms_sellers (
    id bigint NOT NULL,
    sms_id bigint NOT NULL,
    seller_id bigint NOT NULL
);


ALTER TABLE public.user_sms_sellers OWNER TO ht_med_crm;

--
-- Name: user_sms_sellers_id_seq; Type: SEQUENCE; Schema: public; Owner: ht_med_crm
--

ALTER TABLE public.user_sms_sellers ALTER COLUMN id ADD GENERATED BY DEFAULT AS IDENTITY (
    SEQUENCE NAME public.user_sms_sellers_id_seq
    START WITH 1
    INCREMENT BY 1
    NO MINVALUE
    NO MAXVALUE
    CACHE 1
);


--
-- Name: user_user; Type: TABLE; Schema: public; Owner: ht_med_crm
--

CREATE TABLE public.user_user (
    id bigint NOT NULL,
    password character varying(128) NOT NULL,
    last_login timestamp with time zone,
    is_superuser boolean NOT NULL,
    first_name character varying(150) NOT NULL,
    last_name character varying(150) NOT NULL,
    email character varying(254) NOT NULL,
    is_staff boolean NOT NULL,
    is_active boolean NOT NULL,
    date_joined timestamp with time zone NOT NULL,
    created_at timestamp with time zone,
    updated_at timestamp with time zone,
    phone character varying(50) NOT NULL
);


ALTER TABLE public.user_user OWNER TO ht_med_crm;

--
-- Name: user_user_groups; Type: TABLE; Schema: public; Owner: ht_med_crm
--

CREATE TABLE public.user_user_groups (
    id bigint NOT NULL,
    user_id bigint NOT NULL,
    group_id integer NOT NULL
);


ALTER TABLE public.user_user_groups OWNER TO ht_med_crm;

--
-- Name: user_user_groups_id_seq; Type: SEQUENCE; Schema: public; Owner: ht_med_crm
--

ALTER TABLE public.user_user_groups ALTER COLUMN id ADD GENERATED BY DEFAULT AS IDENTITY (
    SEQUENCE NAME public.user_user_groups_id_seq
    START WITH 1
    INCREMENT BY 1
    NO MINVALUE
    NO MAXVALUE
    CACHE 1
);


--
-- Name: user_user_id_seq; Type: SEQUENCE; Schema: public; Owner: ht_med_crm
--

ALTER TABLE public.user_user ALTER COLUMN id ADD GENERATED BY DEFAULT AS IDENTITY (
    SEQUENCE NAME public.user_user_id_seq
    START WITH 1
    INCREMENT BY 1
    NO MINVALUE
    NO MAXVALUE
    CACHE 1
);


--
-- Name: user_user_user_permissions; Type: TABLE; Schema: public; Owner: ht_med_crm
--

CREATE TABLE public.user_user_user_permissions (
    id bigint NOT NULL,
    user_id bigint NOT NULL,
    permission_id integer NOT NULL
);


ALTER TABLE public.user_user_user_permissions OWNER TO ht_med_crm;

--
-- Name: user_user_user_permissions_id_seq; Type: SEQUENCE; Schema: public; Owner: ht_med_crm
--

ALTER TABLE public.user_user_user_permissions ALTER COLUMN id ADD GENERATED BY DEFAULT AS IDENTITY (
    SEQUENCE NAME public.user_user_user_permissions_id_seq
    START WITH 1
    INCREMENT BY 1
    NO MINVALUE
    NO MAXVALUE
    CACHE 1
);


--
-- Data for Name: auth_group; Type: TABLE DATA; Schema: public; Owner: ht_med_crm
--

COPY public.auth_group (id, name) FROM stdin;
1	new
\.


--
-- Data for Name: auth_group_permissions; Type: TABLE DATA; Schema: public; Owner: ht_med_crm
--

COPY public.auth_group_permissions (id, group_id, permission_id) FROM stdin;
1	1	2
2	1	4
3	1	5
4	1	7
5	1	9
6	1	11
7	1	21
8	1	23
9	1	25
10	1	26
11	1	66
12	1	90
13	1	98
14	1	99
15	1	106
16	1	108
17	1	111
18	1	112
19	1	121
20	1	123
\.


--
-- Data for Name: auth_permission; Type: TABLE DATA; Schema: public; Owner: ht_med_crm
--

COPY public.auth_permission (id, name, content_type_id, codename) FROM stdin;
1	Can add log entry	1	add_logentry
2	Can change log entry	1	change_logentry
3	Can delete log entry	1	delete_logentry
4	Can view log entry	1	view_logentry
5	Can add permission	2	add_permission
6	Can change permission	2	change_permission
7	Can delete permission	2	delete_permission
8	Can view permission	2	view_permission
9	Can add group	3	add_group
10	Can change group	3	change_group
11	Can delete group	3	delete_group
12	Can view group	3	view_group
13	Can add content type	4	add_contenttype
14	Can change content type	4	change_contenttype
15	Can delete content type	4	delete_contenttype
16	Can view content type	4	view_contenttype
17	Can add session	5	add_session
18	Can change session	5	change_session
19	Can delete session	5	delete_session
20	Can view session	5	view_session
21	Can add Customer	6	add_customer
22	Can change Customer	6	change_customer
23	Can delete Customer	6	delete_customer
24	Can view Customer	6	view_customer
25	Can add Location	7	add_location
26	Can change Location	7	change_location
27	Can delete Location	7	delete_location
28	Can view Location	7	view_location
29	Can add Medical Sector	8	add_medicalsector
30	Can change Medical Sector	8	change_medicalsector
31	Can delete Medical Sector	8	delete_medicalsector
32	Can view Medical Sector	8	view_medicalsector
33	Can add payment method	9	add_paymentmethod
34	Can change payment method	9	change_paymentmethod
35	Can delete payment method	9	delete_paymentmethod
36	Can view payment method	9	view_paymentmethod
37	Can add payment type	10	add_paymenttype
38	Can change payment type	10	change_paymenttype
39	Can delete payment type	10	delete_paymenttype
40	Can view payment type	10	view_paymenttype
41	Can add Product	11	add_product
42	Can change Product	11	change_product
43	Can delete Product	11	delete_product
44	Can view Product	11	view_product
45	Can add Sector	12	add_sector
46	Can change Sector	12	change_sector
47	Can delete Sector	12	delete_sector
48	Can view Sector	12	view_sector
49	Can add Source	13	add_source
50	Can change Source	13	change_source
51	Can delete Source	13	delete_source
52	Can view Source	13	view_source
53	Can add Status Change Request	14	add_statuschangerequest
54	Can change Status Change Request	14	change_statuschangerequest
55	Can delete Status Change Request	14	delete_statuschangerequest
56	Can view Status Change Request	14	view_statuschangerequest
57	Can add Sub Location	15	add_sublocation
58	Can change Sub Location	15	change_sublocation
59	Can delete Sub Location	15	delete_sublocation
60	Can view Sub Location	15	view_sublocation
61	Can add user	16	add_user
62	Can change user	16	change_user
63	Can delete user	16	delete_user
64	Can view user	16	view_user
65	Can add page	17	add_page
66	Can change page	17	change_page
67	Can delete page	17	delete_page
68	Can view page	17	view_page
69	Can add seller	18	add_seller
70	Can change seller	18	change_seller
71	Can delete seller	18	delete_seller
72	Can view seller	18	view_seller
73	Can add sms	19	add_sms
74	Can change sms	19	change_sms
75	Can delete sms	19	delete_sms
76	Can view sms	19	view_sms
77	Can add seller visit	20	add_sellervisit
78	Can change seller visit	20	change_sellervisit
79	Can delete seller visit	20	delete_sellervisit
80	Can view seller visit	20	view_sellervisit
81	Can add seller page visit duration	21	add_sellerpagevisitduration
82	Can change seller page visit duration	21	change_sellerpagevisitduration
83	Can delete seller page visit duration	21	delete_sellerpagevisitduration
84	Can view seller page visit duration	21	view_sellerpagevisitduration
85	Can add seller customer view	22	add_sellercustomerview
86	Can change seller customer view	22	change_sellercustomerview
87	Can delete seller customer view	22	delete_sellercustomerview
88	Can view seller customer view	22	view_sellercustomerview
89	Can add seller coin	23	add_sellercoin
90	Can change seller coin	23	change_sellercoin
91	Can delete seller coin	23	delete_sellercoin
92	Can view seller coin	23	view_sellercoin
93	Can add seller button click	24	add_sellerbuttonclick
94	Can change seller button click	24	change_sellerbuttonclick
95	Can delete seller button click	24	delete_sellerbuttonclick
96	Can view seller button click	24	view_sellerbuttonclick
97	Can add notifications	25	add_notifications
98	Can change notifications	25	change_notifications
99	Can delete notifications	25	delete_notifications
100	Can view notifications	25	view_notifications
101	Can add confirm sale	26	add_confirmsale
102	Can change confirm sale	26	change_confirmsale
103	Can delete confirm sale	26	delete_confirmsale
104	Can view confirm sale	26	view_confirmsale
105	Can add comment	27	add_comment
106	Can change comment	27	change_comment
107	Can delete comment	27	delete_comment
108	Can view comment	27	view_comment
109	Can add calendar	28	add_calendar
110	Can change calendar	28	change_calendar
111	Can delete calendar	28	delete_calendar
112	Can view calendar	28	view_calendar
113	Can add blacklisted token	29	add_blacklistedtoken
114	Can change blacklisted token	29	change_blacklistedtoken
115	Can delete blacklisted token	29	delete_blacklistedtoken
116	Can view blacklisted token	29	view_blacklistedtoken
117	Can add outstanding token	30	add_outstandingtoken
118	Can change outstanding token	30	change_outstandingtoken
119	Can delete outstanding token	30	delete_outstandingtoken
120	Can view outstanding token	30	view_outstandingtoken
121	Can add Token	31	add_token
122	Can change Token	31	change_token
123	Can delete Token	31	delete_token
124	Can view Token	31	view_token
125	Can add Token	32	add_tokenproxy
126	Can change Token	32	change_tokenproxy
127	Can delete Token	32	delete_tokenproxy
128	Can view Token	32	view_tokenproxy
\.


--
-- Data for Name: authtoken_token; Type: TABLE DATA; Schema: public; Owner: ht_med_crm
--

COPY public.authtoken_token (key, created, user_id) FROM stdin;
\.


--
-- Data for Name: common_customer; Type: TABLE DATA; Schema: public; Owner: ht_med_crm
--

COPY public.common_customer (id, created_at, updated_at, name, status, reactivate_data, extra_phone, telegram_phone, phone_number, recall_date, status_changed_at, copy_customer_id, location_id, medical_id, payment_method_id, payment_type_id, sector_id, seller_id, source_id) FROM stdin;
1	2024-09-26 06:42:17.551321+00	2024-09-28 06:11:07.942893+00	Fantstik	in_base	\N			+998123452133	\N	2024-09-28 06:11:07.941466+00	\N	3	8	3	8	1	1	3
2	2024-10-02 06:09:55.057659+00	2024-10-02 06:09:55.057707+00	Abdisamatov Ozodbek	in_progress	\N	+998931023021	+998931023042	+998931023042	\N	\N	\N	3	17	13	14	19	3	9
3	2024-10-03 06:38:41.44007+00	2024-10-03 06:38:41.440095+00	Sarvar	in_progress	\N	+998971310789	+998971310789	+998971310789	\N	\N	\N	2	1	13	12	19	1	9
4	2024-10-05 11:16:05.850081+00	2024-10-05 11:30:53.079915+00	Akmal	in_base	\N	+998333112552	+998993112552	+998993112552	\N	2024-10-05 11:30:53.078493+00	\N	3	1	17	21	21	1	12
5	2024-10-05 13:10:43.711272+00	2024-10-05 13:10:43.711307+00	Sarvar	in_progress	\N	+998977777777	+998971310789	+998971310789	\N	\N	\N	2	19	17	21	21	1	12
\.


--
-- Data for Name: common_customer_products; Type: TABLE DATA; Schema: public; Owner: ht_med_crm
--

COPY public.common_customer_products (id, customer_id, product_id) FROM stdin;
1	1	1
2	2	2
3	3	3
4	4	7
5	5	8
6	5	7
\.


--
-- Data for Name: common_location; Type: TABLE DATA; Schema: public; Owner: ht_med_crm
--

COPY public.common_location (id, created_at, updated_at, name, status, latitude, longitude, seller_id) FROM stdin;
1	2024-09-25 12:31:43.451657+00	2024-09-25 12:31:43.451678+00	Otabek	t	321	321	1
2	2024-09-25 12:32:27.382137+00	2024-09-25 12:32:27.382165+00	Otabek	t	321	321	1
3	2024-09-25 12:33:21.18458+00	2024-09-25 12:33:21.184601+00	Otabek	t	321	321	1
4	2024-10-07 11:06:58.116059+00	2024-10-07 11:06:58.116081+00	fewf	t	0	0	2
5	2024-10-07 11:08:15.221924+00	2024-10-07 11:08:15.221952+00	efew	t	0	0	2
6	2024-10-07 11:08:55.187357+00	2024-10-07 11:08:55.187383+00	dwqd	t	0	0	2
7	2024-10-07 11:13:21.858464+00	2024-10-07 11:13:21.858491+00	dw	t	0	0	2
8	2024-10-07 11:14:34.096071+00	2024-10-07 11:14:34.096106+00	kkk	t	0	0	2
9	2024-10-07 11:14:52.409712+00	2024-10-07 11:14:52.409735+00	llllllllll	t	0	0	2
10	2024-10-07 11:17:38.050368+00	2024-10-07 11:17:38.050405+00	ppppppp	t	0	0	2
11	2024-10-07 11:17:47.666412+00	2024-10-07 11:17:47.666447+00	ooooooooo	t	0	0	2
12	2024-10-08 10:22:05.477705+00	2024-10-08 10:22:05.477734+00	Toshkent	t	41.2995	69.2401	\N
13	2024-10-08 10:22:05.480485+00	2024-10-08 10:22:05.480504+00	Qoraqalpog‘iston Respublikasi	t	42.4183	59.6196	\N
14	2024-10-08 10:22:05.482202+00	2024-10-08 10:22:05.482217+00	Andijon	t	40.7821	72.3442	\N
16	2024-10-08 10:22:05.485297+00	2024-10-08 10:22:05.48531+00	Jizzax	t	40.125	67.8803	\N
17	2024-10-08 10:22:05.486822+00	2024-10-08 10:22:05.486839+00	Qashqadaryo	t	38.8606	65.7894	\N
18	2024-10-08 10:22:05.488435+00	2024-10-08 10:22:05.488448+00	Navoiy	t	40.0844	65.3792	\N
19	2024-10-08 10:22:05.489982+00	2024-10-08 10:22:05.489995+00	Namangan	t	40.9983	71.6726	\N
20	2024-10-08 10:22:05.491384+00	2024-10-08 10:22:05.491397+00	Samarqand	t	39.6542	66.9597	\N
21	2024-10-08 10:22:05.493318+00	2024-10-08 10:22:05.493331+00	Sirdaryo	t	40.5041	68.7402	\N
22	2024-10-08 10:22:05.494787+00	2024-10-08 15:03:09.725327+00	Surxondary	t	37.9184	67.7593	\N
23	2024-10-08 10:22:05.496246+00	2024-10-08 15:05:39.375601+00	Farg‘on	f	40.3842	71.784	\N
24	2024-10-08 10:22:05.497971+00	2024-10-08 15:13:24.734888+00	Xorazm	f	41.5506	60.6318	\N
15	2024-10-08 10:22:05.483798+00	2024-10-08 15:13:37.491886+00	Buxoroo	t	39.7747	64.4286	\N
25	2024-10-08 15:13:48.413781+00	2024-10-08 15:13:48.413801+00	samarqand	f	0	0	5
\.


--
-- Data for Name: common_medicalsector; Type: TABLE DATA; Schema: public; Owner: ht_med_crm
--

COPY public.common_medicalsector (id, created_at, updated_at, name, status, seller_id, inn_number, location_id, sector_id) FROM stdin;
4	2024-09-25 11:59:01.727821+00	2024-09-25 11:59:01.728047+00	dsfdsf	f	3	3424234	\N	\N
5	2024-09-25 11:59:39.021185+00	2024-09-25 11:59:39.021224+00	qqqq	f	3	111111	\N	\N
8	2024-09-25 12:44:06.532032+00	2024-09-25 12:44:06.532064+00	fwef	f	1	0	\N	\N
9	2024-09-25 12:44:06.962275+00	2024-09-25 12:44:06.962298+00	fwef	f	1	0	\N	\N
11	2024-09-26 10:20:14.136249+00	2024-09-26 10:20:14.13628+00	e23	f	1	23	\N	\N
12	2024-09-26 10:20:55.149793+00	2024-09-26 10:20:55.149821+00	132132	f	1	2	\N	\N
13	2024-09-26 10:21:03.755578+00	2024-09-26 10:21:03.755599+00	3123	f	1	21	\N	\N
17	2024-10-02 06:09:04.002273+00	2024-10-02 06:09:04.002314+00	Test uchun Inn	f	3	1222222222	\N	\N
1	2024-09-25 11:44:49.328145+00	2024-10-05 11:05:13.915199+00	AKFA Medical MCHJ	t	2	123456789	\N	\N
2	2024-09-25 11:45:04.905154+00	2024-10-05 11:05:57.209662+00	Havas Medicl MCHJ	f	2	123456789	\N	\N
3	2024-09-25 11:54:57.25554+00	2024-10-05 11:06:38.430524+00	Nero-Med MCHJ	f	2	123456789	\N	\N
6	2024-09-25 12:05:45.480784+00	2024-10-05 11:07:31.735441+00	Turk-EKO MCHJ	f	2	123456789	\N	\N
7	2024-09-25 12:07:16.547713+00	2024-10-05 11:08:49.916112+00	Harov Medical Israil MCHJ	f	2	123456789	\N	\N
10	2024-09-26 06:25:12.572896+00	2024-10-05 11:09:48.500484+00	SSS-MED Guliston MCHJ	f	2	123456789	\N	\N
14	2024-09-26 12:06:09.180686+00	2024-10-05 11:10:54.215803+00	Chilonzor Tez Tibbiy yordan	f	2	123456789	\N	\N
18	2024-10-05 11:12:19.713142+00	2024-10-05 11:12:19.714545+00	JSC Medicl MCHJ	t	2	123456789	\N	\N
15	2024-09-26 12:51:58.087768+00	2024-10-05 13:52:08.988711+00	Kogon TTB	f	2	123456789	\N	\N
16	2024-09-26 13:42:31.443631+00	2024-10-05 13:52:18.373895+00	Yangi Yo'l SHTB	f	2	123456789	\N	\N
19	2024-10-05 11:12:53.950544+00	2024-10-08 10:41:58.71996+00	Termiz Temir Yo'llar AJ	f	2	123456789	\N	\N
\.


--
-- Data for Name: common_paymentmethod; Type: TABLE DATA; Schema: public; Owner: ht_med_crm
--

COPY public.common_paymentmethod (id, name, status, created_at, updated_at) FROM stdin;
4	test uchun	f	2024-09-26 13:08:25.338109+00	2024-09-26 13:08:25.344967+00
1	Paynet	f	2024-09-26 13:08:25.338109+00	2024-09-26 13:08:25.344967+00
5	jjj	f	2024-09-26 13:08:25.338109+00	2024-09-26 13:08:25.344967+00
3	cdcdcsadc	f	2024-09-26 13:08:25.338109+00	2024-09-26 13:08:25.344967+00
8	ss	f	2024-09-26 13:08:25.338109+00	2024-09-26 13:08:25.344967+00
7	aaaafd	f	2024-09-26 13:08:25.338109+00	2024-09-26 13:08:25.344967+00
2	aaaa	f	2024-09-26 13:08:25.338109+00	2024-09-26 13:08:25.344967+00
6	nppppp	f	2024-09-26 13:08:25.338109+00	2024-09-26 13:45:59.358698+00
10	gfdgfd	f	2024-09-26 13:08:25.338109+00	2024-10-05 10:59:00.150785+00
11	fgdgd	f	2024-09-26 13:08:25.338109+00	2024-10-05 10:59:08.823992+00
12	fgfgf	f	2024-09-26 13:08:25.338109+00	2024-10-05 10:59:12.865494+00
13	Cherez bank orqali	f	2024-09-26 13:08:25.338109+00	2024-10-05 10:59:16.001706+00
14	sdfdsf	f	2024-09-26 13:08:25.338109+00	2024-10-05 10:59:19.203766+00
15	df	f	2024-09-26 13:08:25.338109+00	2024-10-05 10:59:22.305993+00
16	kkkk	f	2024-09-26 13:08:25.338109+00	2024-10-05 10:59:26.083767+00
9	fdgfdg33	f	2024-09-26 13:08:25.338109+00	2024-10-05 10:59:44.948267+00
17	100% To'lov	t	2024-10-05 11:00:47.229061+00	2024-10-05 11:00:47.231287+00
18	Bo'lib to'lash (rassrochka)	t	2024-10-05 11:01:21.477107+00	2024-10-05 11:01:21.478206+00
19	O'zgacha shaklda to'lash	f	2024-10-05 11:01:43.897234+00	2024-10-07 07:21:09.258426+00
\.


--
-- Data for Name: common_paymenttype; Type: TABLE DATA; Schema: public; Owner: ht_med_crm
--

COPY public.common_paymenttype (id, name, status, image, created_at, updated_at) FROM stdin;
4	Online	f		2024-09-26 13:08:25.349478+00	2024-09-26 13:08:25.353935+00
5	dcdcdc	f		2024-09-26 13:08:25.349478+00	2024-09-26 13:08:25.353935+00
13	Online Internet	f		2024-09-26 13:08:25.349478+00	2024-09-26 13:08:25.353935+00
2	aaaasd	f		2024-09-26 13:08:25.349478+00	2024-09-26 13:08:25.353935+00
7	aaaa	f		2024-09-26 13:08:25.349478+00	2024-09-26 13:08:25.353935+00
8	juyju	f		2024-09-26 13:08:25.349478+00	2024-09-26 13:45:53.207522+00
20	mmm	f		2024-09-26 13:46:39.524938+00	2024-10-05 10:54:32.239867+00
10	dsfdsf	f		2024-09-26 13:08:25.349478+00	2024-10-05 10:54:37.467242+00
1	2	f	payment_type/Registan-Square-Samarkand-1.webp	2024-09-26 13:08:25.349478+00	2024-10-05 10:54:48.760351+00
11	ssssss	f		2024-09-26 13:08:25.349478+00	2024-10-05 10:54:51.843613+00
12	Bakn	f		2024-09-26 13:08:25.349478+00	2024-10-05 10:54:55.605515+00
14	Yangi to'lov usulini qo'shish22	f		2024-09-26 13:08:25.349478+00	2024-10-05 10:54:59.318964+00
3	sssss33	f		2024-09-26 13:08:25.349478+00	2024-10-05 10:55:02.682917+00
15	dfsfsdf	f		2024-09-26 13:08:25.349478+00	2024-10-05 10:55:05.987007+00
16	fghgfdhfdg	f		2024-09-26 13:08:25.349478+00	2024-10-05 10:55:10.006824+00
6	nnn222	f		2024-09-26 13:08:25.349478+00	2024-10-05 10:55:13.864971+00
17	dfdfsd	f		2024-09-26 13:08:25.349478+00	2024-10-05 10:55:17.396602+00
18	erferwer	f		2024-09-26 13:08:25.349478+00	2024-10-05 10:55:20.264575+00
19	dgdfd	f		2024-09-26 13:08:25.349478+00	2024-10-05 10:55:24.617718+00
9	dfgdsfgsd33	f		2024-09-26 13:08:25.349478+00	2024-10-05 10:55:28.018083+00
21	Naqt pul shaklida	t		2024-10-05 10:56:13.719602+00	2024-10-05 10:57:15.334839+00
22	Elektron pul ko'chirish	t		2024-10-05 10:57:00.681449+00	2024-10-05 10:57:39.244851+00
23	Naqt pul va Elektron pul ko'chirish aralash	t		2024-10-05 10:58:16.287137+00	2024-10-05 10:58:16.288821+00
24	O'zgacha to'lov	f		2024-10-05 10:58:43.552635+00	2024-10-07 07:21:03.704365+00
\.


--
-- Data for Name: common_product; Type: TABLE DATA; Schema: public; Owner: ht_med_crm
--

COPY public.common_product (id, created_at, updated_at, image, name, seller_id, status) FROM stdin;
6	2024-09-26 13:42:28.201042+00	2024-09-26 13:46:49.303742+00	products/0a9100b8791b44ff9629377856bab05a.jpg	dfsdsfff	2	f
5	2024-09-26 13:42:14.294619+00	2024-09-26 13:47:13.031734+00	products/Registan-Square-Samarkand-1_uiV5u9H.webp	a	2	f
1	2024-09-25 11:14:45.692849+00	2024-10-05 10:50:24.089359+00	products/0a20ecfcafde4344b5c84a593f6ee6ed.jpg	test rasm	\N	f
2	2024-09-26 06:23:56.510521+00	2024-10-05 10:50:27.558307+00	products/flag_QKUb9PK.jpeg	MSCT2	\N	f
3	2024-09-26 12:01:22.234078+00	2024-10-05 10:50:31.846686+00	products/0a3c28219fc74e499f3256ad77d94a55.jpg	Yangi uskuna qo'shish2	\N	f
7	2024-10-05 10:51:46.167073+00	2024-10-05 10:51:46.167101+00	products/2-UZI_9654ajk.png	UZI uskunasi	2	t
8	2024-10-05 10:52:10.99153+00	2024-10-05 10:52:10.991561+00	products/1-RADIALOGIYA_pw5thmh.png	Rentgen uskunasi	2	t
\.


--
-- Data for Name: common_sale; Type: TABLE DATA; Schema: public; Owner: ht_med_crm
--

COPY public.common_sale (id, created_at, updated_at, quantity, sale_date, product_id, seller_id) FROM stdin;
\.


--
-- Data for Name: common_sector; Type: TABLE DATA; Schema: public; Owner: ht_med_crm
--

COPY public.common_sector (id, created_at, updated_at, name, status, seller_id, location_id) FROM stdin;
3	2024-09-25 12:41:54.092102+00	2024-09-25 12:41:54.092129+00	false	f	2	\N
4	2024-09-25 13:00:18.186954+00	2024-09-25 13:00:18.186977+00	Davlat sectori	f	2	\N
5	2024-09-25 13:00:32.326698+00	2024-09-25 13:00:32.326729+00	Hususiy sector	f	2	\N
6	2024-09-25 13:00:46.253443+00	2024-09-25 13:00:46.253473+00	Sheriklik sektori	f	2	\N
7	2024-09-25 13:00:59.242822+00	2024-09-25 13:00:59.242849+00	Viloyat sektori	f	2	\N
8	2024-09-25 13:01:13.483951+00	2024-09-25 13:01:13.483991+00	Hususiy sektor	f	2	\N
9	2024-09-25 13:01:22.322082+00	2024-09-25 13:01:22.322112+00	Davlat tashkiloti	f	2	\N
10	2024-09-25 13:01:45.12817+00	2024-09-25 13:01:45.128195+00	No davlat tashkiloti	f	2	\N
11	2024-09-25 13:01:54.938031+00	2024-09-25 13:01:54.938061+00	Chet el tashkiloti	f	2	\N
12	2024-09-26 06:19:38.111771+00	2024-09-26 07:03:43.553532+00	aaaaabbbbb	f	2	\N
13	2024-09-26 07:04:45.074583+00	2024-09-26 11:23:11.193424+00	qqqq1111	f	2	\N
14	2024-09-26 11:54:37.006728+00	2024-09-26 12:29:19.058498+00	Sector test2	f	2	\N
2	2024-09-25 12:18:09.016667+00	2024-09-26 13:11:14.953086+00	string	f	2	\N
15	2024-09-26 13:11:21.722585+00	2024-09-26 13:11:21.72262+00	sadsad	f	2	\N
18	2024-09-26 13:30:58.162171+00	2024-09-26 13:32:16.947964+00	w	f	2	\N
20	2024-10-05 10:38:49.016303+00	2024-10-05 10:38:49.016324+00	Davlat sektori	t	2	\N
19	2024-09-26 13:31:57.900519+00	2024-10-05 10:38:54.920497+00	test ucuhuddd	f	2	\N
1	2024-09-25 12:17:26.208379+00	2024-10-05 10:39:00.021886+00	string222	f	2	\N
21	2024-10-05 10:39:17.214889+00	2024-10-05 10:39:17.214911+00	Xususiy sektor	t	2	\N
24	2024-10-05 10:41:05.822079+00	2024-10-07 07:20:01.365283+00	Boshqa Mintaqa	f	2	\N
23	2024-10-05 10:40:52.409402+00	2024-10-07 07:20:12.688789+00	Shaxsdan Davlat sektoriga	f	2	\N
22	2024-10-05 10:40:14.904787+00	2024-10-07 12:06:14.168336+00	Sherikchilik sektori	f	2	\N
\.


--
-- Data for Name: common_source; Type: TABLE DATA; Schema: public; Owner: ht_med_crm
--

COPY public.common_source (id, created_at, updated_at, name, status, image, seller_id) FROM stdin;
1	2024-09-25 12:40:30.803861+00	2024-09-25 12:40:30.803889+00	wwww	f		1
3	2024-09-26 06:23:04.038091+00	2024-09-26 06:41:39.805809+00	Instagram orqali	f		1
2	2024-09-25 12:43:02.895871+00	2024-09-26 11:23:24.415617+00	Telegram orqali	f		2
4	2024-09-26 12:00:05.362948+00	2024-09-26 12:00:42.169384+00	Yangi manbaa qo'shish2	f		2
5	2024-09-26 13:12:06.497553+00	2024-09-26 13:12:06.4976+00	aaaaaaaa	f		2
8	2024-09-26 13:37:29.312536+00	2024-09-26 13:42:13.030776+00	a	f		2
9	2024-09-26 13:38:08.922345+00	2024-10-05 10:42:26.549425+00	test uchun2	f	source/0a9100b8791b44ff9629377856bab05a.jpg	2
10	2024-10-05 10:44:22.921056+00	2024-10-05 10:44:22.921089+00	Olx.uz	t	source/square_83.jpeg	2
12	2024-10-05 10:50:01.927757+00	2024-10-05 10:50:01.927815+00	Google	t	source/chrome_education_upgrade_support_term_36_months_ac28465.webp	2
11	2024-10-05 10:46:45.672787+00	2024-10-05 10:50:11.613772+00	Prom.uz	f	source/i.webp	2
\.


--
-- Data for Name: common_statuschangerequest; Type: TABLE DATA; Schema: public; Owner: ht_med_crm
--

COPY public.common_statuschangerequest (id, created_at, updated_at, type, status, new_status, comment_status, text, admin_response, approved_at, comment_id, customer_id, seller_id) FROM stdin;
4	2024-10-03 06:34:07.815077+00	2024-10-03 09:56:19.725088+00	customer	accepted	active	t	Харидор келди.		\N	\N	2	3
3	2024-10-03 06:34:07.81191+00	2024-10-03 10:12:40.858948+00	customer	accepted	active	t	Харидор келди.		\N	\N	2	3
2	2024-09-28 06:08:31.508929+00	2024-10-03 11:17:14.171152+00	customer	accepted	active	t	Siz haqiqatdan ham shu ma'lumotni aktivlashtirmochimisiz?	p	\N	\N	1	1
1	2024-09-28 06:08:31.505441+00	2024-10-03 12:02:40.126017+00	customer	archived	active	t	Siz haqiqatdan ham shu ma'lumotni aktivlashtirmochimisiz?	o	\N	\N	1	1
6	2024-10-05 06:52:41.982964+00	2024-10-05 06:52:41.982981+00	customer	pending	active	t	o'zgartirib bering		\N	\N	2	3
7	2024-10-05 06:53:49.612389+00	2024-10-05 06:53:49.612422+00	customer	pending	active	t	aktiv qilish		\N	\N	2	3
8	2024-10-05 06:53:49.613736+00	2024-10-05 06:53:49.613753+00	customer	pending	active	t	aktiv qilish		\N	\N	2	3
5	2024-10-05 06:52:41.981471+00	2024-10-05 06:54:50.695217+00	customer	accepted	active	t	o'zgartirib bering		\N	\N	2	3
\.


--
-- Data for Name: common_sublocation; Type: TABLE DATA; Schema: public; Owner: ht_med_crm
--

COPY public.common_sublocation (id, created_at, updated_at, name, status, location_id, seller_id) FROM stdin;
\.


--
-- Data for Name: django_admin_log; Type: TABLE DATA; Schema: public; Owner: ht_med_crm
--

COPY public.django_admin_log (id, action_time, object_id, object_repr, action_flag, change_message, content_type_id, user_id) FROM stdin;
1	2024-09-25 09:55:36.77047+00	1	1-2-+998949290053-fayoz turaqulov	1	[{"added": {}}]	18	1
2	2024-09-25 09:57:26.814457+00	2	2-+998949290053	2	[{"changed": {"fields": ["Superuser status"]}}]	16	1
3	2024-09-25 09:57:27.165403+00	2	2-+998949290053	2	[]	16	1
4	2024-09-25 10:24:02.613077+00	1	new	1	[{"added": {}}]	10	1
5	2024-09-25 10:24:49.908167+00	1	PaymentMethod object (1)	1	[{"added": {}}]	9	1
6	2024-09-25 10:44:47.286472+00	1	title	1	[{"added": {}}]	25	1
7	2024-09-25 10:52:23.970927+00	2	2-1-+998911111111-Ozodbek Abdisamatov	2	[{"changed": {"fields": ["User"]}}]	18	1
8	2024-09-25 10:54:00.89767+00	1	title	2	[{"changed": {"fields": ["Seller"]}}]	25	1
9	2024-09-25 12:31:43.453892+00	1	Otabek	1	[{"added": {}}]	7	1
10	2024-09-25 12:32:27.383709+00	2	Otabek	1	[{"added": {}}]	7	1
11	2024-09-25 12:33:21.187356+00	3	Otabek	1	[{"added": {}}]	7	1
12	2024-09-26 06:39:39.716278+00	3	Instagram orqali	2	[{"changed": {"fields": ["Seller"]}}]	13	1
13	2024-09-26 06:41:39.807181+00	3	Instagram orqali	2	[]	13	1
14	2024-09-26 06:59:42.89542+00	1	1-2-+998949290053-fayoz turaqulov - 2024-09-26 11:59:32+05:00	1	[{"added": {}}]	28	1
15	2024-09-26 07:40:13.704741+00	1	3-3-+998931023042-Ozodbek Abdisamatov - 111111.0	1	[{"added": {}}]	23	1
16	2024-09-28 06:20:51.0269+00	21	21-2-1-+998911111111-Ozodbek Abdisamatov-Fantstik	2	[{"changed": {"fields": ["Text", "Audio"]}}]	27	1
17	2024-09-28 06:22:12.286629+00	13	13-3-3-+998931023042-Ozodbek Abdisamatov-Fantstik	2	[{"changed": {"fields": ["Text", "Audio"]}}]	27	1
18	2024-09-28 10:08:07.694049+00	2	3-3-+998931023042-Ozodbek Abdisamatov - 12121.0	1	[{"added": {}}]	23	1
19	2024-09-28 10:08:17.45656+00	3	3-3-+998931023042-Ozodbek Abdisamatov - 5454.0	1	[{"added": {}}]	23	1
20	2024-09-28 12:30:29.485281+00	3	3-3-+998931023042-Ozodbek Abdisamatov - 50.0	2	[{"changed": {"fields": ["Coins"]}}]	23	1
21	2024-09-28 12:30:40.543815+00	2	3-3-+998931023042-Ozodbek Abdisamatov - 120.0	2	[{"changed": {"fields": ["Coins"]}}]	23	1
22	2024-09-28 12:30:51.320513+00	2	3-3-+998931023042-Ozodbek Abdisamatov - 20.0	2	[{"changed": {"fields": ["Coins"]}}]	23	1
23	2024-09-28 12:31:05.190115+00	1	3-3-+998931023042-Ozodbek Abdisamatov - 30.0	2	[{"changed": {"fields": ["Coins"]}}]	23	1
24	2024-09-28 12:32:00.030708+00	2	1-2-+998949290053-fayoz turaqulov - 20.0	2	[{"changed": {"fields": ["Seller"]}}]	23	1
25	2024-09-28 12:47:45.110212+00	4	1-2-+998949290053-fayoz turaqulov - 12.0	1	[{"added": {}}]	23	1
26	2024-09-28 12:48:05.697353+00	5	4-4-+998934482881-Otabek - 12.0	1	[{"added": {}}]	23	1
27	2024-09-28 12:48:16.053009+00	6	2-1-+998911111111-Ozodbek Abdisamatov - 43.0	1	[{"added": {}}]	23	1
28	2024-09-28 12:49:00.619911+00	7	2-1-+998911111111-Ozodbek Abdisamatov - 55.0	1	[{"added": {}}]	23	1
29	2024-09-28 12:49:08.583209+00	8	4-4-+998934482881-Otabek - 86.0	1	[{"added": {}}]	23	1
30	2024-09-30 11:39:00.725178+00	2	1-2-+998949290053-fayoz turaqulov - 2024-10-01 16:38:37+05:00	1	[{"added": {}}]	28	1
31	2024-10-03 10:16:55.565051+00	1	new	1	[{"added": {}}]	3	1
32	2024-10-03 10:17:17.520934+00	7	7-+998932004877	1	[{"added": {}}]	16	1
33	2024-10-03 10:20:44.991521+00	1	1-+998911111111	2	[{"changed": {"fields": ["First name", "Last name", "Email address", "Groups", "User permissions"]}}]	16	7
34	2024-10-07 06:49:38.951101+00	6	6-+998933333333	2	[{"changed": {"fields": ["Superuser status", "First name", "Last name"]}}]	16	1
\.


--
-- Data for Name: django_content_type; Type: TABLE DATA; Schema: public; Owner: ht_med_crm
--

COPY public.django_content_type (id, app_label, model) FROM stdin;
1	admin	logentry
2	auth	permission
3	auth	group
4	contenttypes	contenttype
5	sessions	session
6	common	customer
7	common	location
8	common	medicalsector
9	common	paymentmethod
10	common	paymenttype
11	common	product
12	common	sector
13	common	source
14	common	statuschangerequest
15	common	sublocation
16	user	user
17	user	page
18	user	seller
19	user	sms
20	user	sellervisit
21	user	sellerpagevisitduration
22	user	sellercustomerview
23	user	sellercoin
24	user	sellerbuttonclick
25	user	notifications
26	user	confirmsale
27	user	comment
28	user	calendar
29	token_blacklist	blacklistedtoken
30	token_blacklist	outstandingtoken
31	authtoken	token
32	authtoken	tokenproxy
\.


--
-- Data for Name: django_migrations; Type: TABLE DATA; Schema: public; Owner: ht_med_crm
--

COPY public.django_migrations (id, app, name, applied) FROM stdin;
1	common	0001_initial	2024-09-25 09:51:04.811321+00
2	contenttypes	0001_initial	2024-09-25 09:51:04.821969+00
3	contenttypes	0002_remove_content_type_name	2024-09-25 09:51:04.834838+00
4	auth	0001_initial	2024-09-25 09:51:04.876975+00
5	auth	0002_alter_permission_name_max_length	2024-09-25 09:51:04.885319+00
6	auth	0003_alter_user_email_max_length	2024-09-25 09:51:04.892783+00
7	auth	0004_alter_user_username_opts	2024-09-25 09:51:04.900096+00
8	auth	0005_alter_user_last_login_null	2024-09-25 09:51:04.907117+00
9	auth	0006_require_contenttypes_0002	2024-09-25 09:51:04.910179+00
10	auth	0007_alter_validators_add_error_messages	2024-09-25 09:51:04.918326+00
11	auth	0008_alter_user_username_max_length	2024-09-25 09:51:04.924531+00
12	auth	0009_alter_user_last_name_max_length	2024-09-25 09:51:04.930868+00
13	auth	0010_alter_group_name_max_length	2024-09-25 09:51:04.938338+00
14	auth	0011_update_proxy_permissions	2024-09-25 09:51:04.952366+00
15	auth	0012_alter_user_first_name_max_length	2024-09-25 09:51:04.960601+00
16	user	0001_initial	2024-09-25 09:51:05.342859+00
17	admin	0001_initial	2024-09-25 09:51:05.381691+00
18	admin	0002_logentry_remove_auto_add	2024-09-25 09:51:05.394675+00
19	admin	0003_logentry_add_action_flag_choices	2024-09-25 09:51:05.408464+00
20	authtoken	0001_initial	2024-09-25 09:51:05.438194+00
21	authtoken	0002_auto_20160226_1747	2024-09-25 09:51:05.487594+00
22	authtoken	0003_tokenproxy	2024-09-25 09:51:05.492665+00
23	authtoken	0004_alter_tokenproxy_options	2024-09-25 09:51:05.501222+00
24	common	0002_initial	2024-09-25 09:51:06.0951+00
25	common	0003_medicalsector_inn_number	2024-09-25 09:51:06.119764+00
26	sessions	0001_initial	2024-09-25 09:51:06.134937+00
27	token_blacklist	0001_initial	2024-09-25 09:51:06.211677+00
28	token_blacklist	0002_outstandingtoken_jti_hex	2024-09-25 09:51:06.228544+00
29	token_blacklist	0003_auto_20171017_2007	2024-09-25 09:51:06.263149+00
30	token_blacklist	0004_auto_20171017_2013	2024-09-25 09:51:06.282298+00
31	token_blacklist	0005_remove_outstandingtoken_jti	2024-09-25 09:51:06.296843+00
32	token_blacklist	0006_auto_20171017_2113	2024-09-25 09:51:06.313713+00
33	token_blacklist	0007_auto_20171017_2214	2024-09-25 09:51:06.361334+00
34	token_blacklist	0008_migrate_to_bigautofield	2024-09-25 09:51:06.431182+00
35	token_blacklist	0010_fix_migrate_to_bigautofield	2024-09-25 09:51:06.466346+00
36	token_blacklist	0011_linearizes_history	2024-09-25 09:51:06.470251+00
37	token_blacklist	0012_alter_outstandingtoken_user	2024-09-25 09:51:06.500858+00
38	common	0004_alter_paymenttype_image	2024-09-25 10:33:36.95528+00
39	common	0005_paymentmethod_created_at_paymentmethod_updated_at_and_more	2024-09-26 13:08:25.794751+00
40	user	0002_alter_calendar_created_at_alter_calendar_updated_at_and_more	2024-09-26 13:08:26.380243+00
41	common	0006_alter_statuschangerequest_comment_and_more	2024-10-05 09:31:33.705866+00
42	common	0003_medicalsector_location_medicalsector_sector	2024-10-07 10:33:55.325988+00
43	common	0004_sector_location	2024-10-07 14:10:28.183097+00
\.


--
-- Data for Name: django_session; Type: TABLE DATA; Schema: public; Owner: ht_med_crm
--

COPY public.django_session (session_key, session_data, expire_date) FROM stdin;
z9n8ix7g63wsuiqk00amgntjglbphyku	.eJxVjDsOAiEUAO9CbQjw8vhY2nsG8vjJqoFk2a023t2QbKHtzGQO5mnfqt9HXv2S2JUpdvllgeIrtynSk9qj89jbti6Bz4SfdvB7T_l9O9u_QaVR5zbGWFRB7ZwDhEJIFCwAyKC0NkWYGAzaTDmhNFgsGhGwSGUEgJPIPl_mWDdO:1stlmJ:XG-7PaibHZ3f2sk4ylWBJiZBV35mVaIDbnjSOEVMrNI	2024-10-10 10:31:19.129398+00
sjllvbwq0x4xepphvd1z5gdwvjuevnf6	.eJxVjDsOwjAQBe_iGll24l8o6XMGa727xgHkSHFSIe5OIqWA9s3Me4sI21ri1niJE4mr0OLyuyXAJ9cD0APqfZY413WZkjwUedImx5n4dTvdv4MCrey1JecJAXIOOg9Z9YZ1l4nIBDdY7ZVjm4zSSAQdWsWZg9cpud7BDlF8vgWjOJA:1suQPk:M8OwxBPLig0zCzQ_u3CCVs5T54kxznrABpIqCdn-bWU	2024-10-12 05:54:44.785721+00
ac9ia4cdw7etrz39c0zptkvmvatq89j7	.eJxVjDsOwjAQBe_iGll24l8o6XMGa727xgHkSHFSIe5OIqWA9s3Me4sI21ri1niJE4mr0OLyuyXAJ9cD0APqfZY413WZkjwUedImx5n4dTvdv4MCrey1JecJAXIOOg9Z9YZ1l4nIBDdY7ZVjm4zSSAQdWsWZg9cpud7BDlF8vgWjOJA:1suQnK:_6_7uqAecO8LXVyuWJzcU6LJUuAeKFv_5bQ_oLYNVQo	2024-10-12 06:19:06.709698+00
nvyz29wddf8isgdymw6tffc4b37zj1l8	.eJxVjDsOwjAQBe_iGll24l8o6XMGa727xgHkSHFSIe5OIqWA9s3Me4sI21ri1niJE4mr0OLyuyXAJ9cD0APqfZY413WZkjwUedImx5n4dTvdv4MCrey1JecJAXIOOg9Z9YZ1l4nIBDdY7ZVjm4zSSAQdWsWZg9cpud7BDlF8vgWjOJA:1swIxF:DHn_XcyEI4QSlUUSwE-JPABfQWKFHUnFzLXYHOYDDWI	2024-10-17 10:21:05.368331+00
4b0au3r3ujgpylqpxb9k3sp2jw9108m9	.eJxVjDsOwjAQBe_iGll24l8o6XMGa727xgHkSHFSIe5OIqWA9s3Me4sI21ri1niJE4mr0OLyuyXAJ9cD0APqfZY413WZkjwUedImx5n4dTvdv4MCrey1JecJAXIOOg9Z9YZ1l4nIBDdY7ZVjm4zSSAQdWsWZg9cpud7BDlF8vgWjOJA:1sx05b:VRGigVUwtm1ju-icbSke6ePtVLQawdv389y9lOU3sS4	2024-10-19 08:24:35.602339+00
pixf1wtg3uihc6580xu4ynn76ewn5aft	.eJxVjMEOwiAQRP-FsyEsC5Z69O43NLuwSNXQpLQn47_bJj1oMqd5b-atBlqXMqxN5mFM6qIA1Om3ZIpPqTtJD6r3ScepLvPIelf0QZu-TUle18P9OyjUyrZGG7KPFsQ47l0WzAFiOCMhe-dNdl2Hgv2WBAYMe-psdCyWAgMSqc8X8kU3vg:1syAQD:z7PHHum4QPQD90TOrOR6oxmYAmu40vKhus_-Oar8o2I	2024-10-22 13:38:41.541334+00
\.


--
-- Data for Name: token_blacklist_blacklistedtoken; Type: TABLE DATA; Schema: public; Owner: ht_med_crm
--

COPY public.token_blacklist_blacklistedtoken (id, blacklisted_at, token_id) FROM stdin;
1	2024-10-08 13:14:13.490282+00	152
2	2024-10-08 13:18:31.809944+00	153
\.


--
-- Data for Name: token_blacklist_outstandingtoken; Type: TABLE DATA; Schema: public; Owner: ht_med_crm
--

COPY public.token_blacklist_outstandingtoken (id, token, created_at, expires_at, user_id, jti) FROM stdin;
1	eyJhbGciOiJIUzI1NiIsInR5cCI6IkpXVCJ9.eyJ0b2tlbl90eXBlIjoicmVmcmVzaCIsImV4cCI6MTcyNzY5MDIxOSwiaWF0IjoxNzI3MjU4MjE5LCJqdGkiOiJhOGExMzQwYTc4ZDU0YzUxODFlYzlhNzE2NDk2ZTBjYyIsInVzZXJfaWQiOjF9._WsXfeWRnP5tFLB0OPX673hGoR8L4Kfks-5uDQuOU4E	2024-09-25 09:56:59.322603+00	2024-09-30 09:56:59+00	1	a8a1340a78d54c5181ec9a716496e0cc
2	eyJhbGciOiJIUzI1NiIsInR5cCI6IkpXVCJ9.eyJ0b2tlbl90eXBlIjoicmVmcmVzaCIsImV4cCI6MTcyNzY5MDI1MywiaWF0IjoxNzI3MjU4MjUzLCJqdGkiOiI2YzQ5NmJlNzc0ZTM0MTE0ODdkNDE2OTE4MWU1NmUxYyIsInVzZXJfaWQiOjJ9.FhO9lhy9CbV2Yn4xmbcMNZW3P_HwJ73LzQstz-S6hj8	2024-09-25 09:57:33.035386+00	2024-09-30 09:57:33+00	2	6c496be774e3411487d4169181e56e1c
3	eyJhbGciOiJIUzI1NiIsInR5cCI6IkpXVCJ9.eyJ0b2tlbl90eXBlIjoicmVmcmVzaCIsImV4cCI6MTcyNzY5MDQxMSwiaWF0IjoxNzI3MjU4NDExLCJqdGkiOiJiZTk4OGNiNThkYzM0MmE4YmM1NzQ4YTc2N2YzMmFkMiIsInVzZXJfaWQiOjN9.Tv2FE-RHaZby3LjtPPBL8qwnE0vSJC2OTbbvdRda0kQ	2024-09-25 10:00:11.024167+00	2024-09-30 10:00:11+00	3	be988cb58dc342a8bc5748a767f32ad2
4	eyJhbGciOiJIUzI1NiIsInR5cCI6IkpXVCJ9.eyJ0b2tlbl90eXBlIjoicmVmcmVzaCIsImV4cCI6MTcyNzY5MDQ0OSwiaWF0IjoxNzI3MjU4NDQ5LCJqdGkiOiJjMjFmNGU3YTQ4MjY0ZDM1YWE0ZTVjMjg3NDZkZjkwYyIsInVzZXJfaWQiOjF9.VscoUpYmv0FEvhKkXMxAZ1-CLeDzGvdogrK6MzJ0tSI	2024-09-25 10:00:49.325046+00	2024-09-30 10:00:49+00	1	c21f4e7a48264d35aa4e5c28746df90c
5	eyJhbGciOiJIUzI1NiIsInR5cCI6IkpXVCJ9.eyJ0b2tlbl90eXBlIjoicmVmcmVzaCIsImV4cCI6MTcyNzY5MTE3MSwiaWF0IjoxNzI3MjU5MTcxLCJqdGkiOiI2YzA3NjljZTFmNjI0OWZmOTE1Y2U1YmIzNWNkZWFkOCIsInVzZXJfaWQiOjF9.GwdQ6KRJZdLryCrrIVrb_V1B2gxhD6eHqXw-k6FrCIU	2024-09-25 10:12:51.302081+00	2024-09-30 10:12:51+00	1	6c0769ce1f6249ff915ce5bb35cdead8
6	eyJhbGciOiJIUzI1NiIsInR5cCI6IkpXVCJ9.eyJ0b2tlbl90eXBlIjoicmVmcmVzaCIsImV4cCI6MTcyNzY5MTE3NywiaWF0IjoxNzI3MjU5MTc3LCJqdGkiOiJkN2ZmZjRhMjJjODY0M2EyYmQ4OTk2MTE1MzdkYmRkNSIsInVzZXJfaWQiOjF9.M-1IMRyBsyd8URdRl0GPwUAK7ky-bl8vDssbIRp9bcs	2024-09-25 10:12:57.66652+00	2024-09-30 10:12:57+00	1	d7fff4a22c8643a2bd899611537dbdd5
7	eyJhbGciOiJIUzI1NiIsInR5cCI6IkpXVCJ9.eyJ0b2tlbl90eXBlIjoicmVmcmVzaCIsImV4cCI6MTcyNzY5MTUxOCwiaWF0IjoxNzI3MjU5NTE4LCJqdGkiOiIxY2Y3MmMxMDU0Yzc0OTQyYjk0MGZlZmRhMjI1NWJhNiIsInVzZXJfaWQiOjN9.DsDih9blE0zHrc_Kdft4-lA7dD76Jt5_3k0MaoFZnsc	2024-09-25 10:18:38.256734+00	2024-09-30 10:18:38+00	3	1cf72c1054c74942b940fefda2255ba6
8	eyJhbGciOiJIUzI1NiIsInR5cCI6IkpXVCJ9.eyJ0b2tlbl90eXBlIjoicmVmcmVzaCIsImV4cCI6MTcyNzY5Mjg0MSwiaWF0IjoxNzI3MjYwODQxLCJqdGkiOiJhYjg2MzdiNWEwOTc0ZTJkOGVmZTc5ZjJiYTgyZGY2ZCIsInVzZXJfaWQiOjF9.9wO9oQVSazacr86cNBqMYh-3lsHew8aY96xgEkr2rO4	2024-09-25 10:40:41.414276+00	2024-09-30 10:40:41+00	1	ab8637b5a0974e2d8efe79f2ba82df6d
9	eyJhbGciOiJIUzI1NiIsInR5cCI6IkpXVCJ9.eyJ0b2tlbl90eXBlIjoicmVmcmVzaCIsImV4cCI6MTcyNzY5MjkzMSwiaWF0IjoxNzI3MjYwOTMxLCJqdGkiOiJmOTU0MDBjMzU3NjE0YWRmYTllMmRhNzE2NTg3MDhiOCIsInVzZXJfaWQiOjF9.nMXlqgNAmPVb2mgyxHuuKtq5mTtZEoQWZ_xnKStzYVw	2024-09-25 10:42:11.093469+00	2024-09-30 10:42:11+00	1	f95400c357614adfa9e2da71658708b8
10	eyJhbGciOiJIUzI1NiIsInR5cCI6IkpXVCJ9.eyJ0b2tlbl90eXBlIjoicmVmcmVzaCIsImV4cCI6MTcyNzY5Mzc1MSwiaWF0IjoxNzI3MjYxNzUxLCJqdGkiOiJiYzcwZWE1NGVlYzY0ZDU2ODQ5ZDgyYWUyM2FkZjAzYiIsInVzZXJfaWQiOjF9.S_5-R_VYutR3BKJFYJT8wYGOkWxuJrAWZsUww_JDtq8	2024-09-25 10:55:51.862146+00	2024-09-30 10:55:51+00	1	bc70ea54eec64d56849d82ae23adf03b
11	eyJhbGciOiJIUzI1NiIsInR5cCI6IkpXVCJ9.eyJ0b2tlbl90eXBlIjoicmVmcmVzaCIsImV4cCI6MTcyNzY5Mzc2NSwiaWF0IjoxNzI3MjYxNzY1LCJqdGkiOiIwZTNjZWE3YmEyNjk0OTMzYjBlYjgxMGM1MGU4OTY0OSIsInVzZXJfaWQiOjF9.6k7owLS9Si1Ipkj4d0dd7sHuU8rDX_hqDpOwg0OfHGk	2024-09-25 10:56:05.183705+00	2024-09-30 10:56:05+00	1	0e3cea7ba2694933b0eb810c50e89649
12	eyJhbGciOiJIUzI1NiIsInR5cCI6IkpXVCJ9.eyJ0b2tlbl90eXBlIjoicmVmcmVzaCIsImV4cCI6MTcyNzY5Mzc3MywiaWF0IjoxNzI3MjYxNzczLCJqdGkiOiIwMjAxMzI1OTE5MjM0OTI2YTg0MzI0ODlhMzM4OTI3ZiIsInVzZXJfaWQiOjF9.PR2aH70FDWLv2AElBB03eeKd8Cd09DIqGkkUWiD-Ebs	2024-09-25 10:56:13.239135+00	2024-09-30 10:56:13+00	1	0201325919234926a8432489a338927f
13	eyJhbGciOiJIUzI1NiIsInR5cCI6IkpXVCJ9.eyJ0b2tlbl90eXBlIjoicmVmcmVzaCIsImV4cCI6MTcyNzY5NTI0MSwiaWF0IjoxNzI3MjYzMjQxLCJqdGkiOiIzYTc3Y2JjNTg0YTI0NzZmYjlmM2EwNGI0NjBhZDZlMiIsInVzZXJfaWQiOjF9.bJNNl7uSnS3kWWn_loEuqCpDDEGCg6iyRwFj16lJd1k	2024-09-25 11:20:41.574786+00	2024-09-30 11:20:41+00	1	3a77cbc584a2476fb9f3a04b460ad6e2
14	eyJhbGciOiJIUzI1NiIsInR5cCI6IkpXVCJ9.eyJ0b2tlbl90eXBlIjoicmVmcmVzaCIsImV4cCI6MTcyNzY5NTQzNywiaWF0IjoxNzI3MjYzNDM3LCJqdGkiOiI1ZjllMTAyMmU2ZTM0Y2YzODhjNzQ1Y2E2MjUwMTI3ZSIsInVzZXJfaWQiOjF9.sK-tagNcz1KiZlAe056aboQvCuChyWGVq1oJpZybF0g	2024-09-25 11:23:57.783017+00	2024-09-30 11:23:57+00	1	5f9e1022e6e34cf388c745ca6250127e
15	eyJhbGciOiJIUzI1NiIsInR5cCI6IkpXVCJ9.eyJ0b2tlbl90eXBlIjoicmVmcmVzaCIsImV4cCI6MTcyNzY5NTYwNCwiaWF0IjoxNzI3MjYzNjA0LCJqdGkiOiJiMzM4MzRiYWQzYTY0MzQ0ODQxZDVhYjAxMGJmZDNlZSIsInVzZXJfaWQiOjF9.RiJ9M6nDCL5PEZonIU-ZMMFRwtUIEjwNjJMPC27IDR4	2024-09-25 11:26:44.043462+00	2024-09-30 11:26:44+00	1	b33834bad3a64344841d5ab010bfd3ee
16	eyJhbGciOiJIUzI1NiIsInR5cCI6IkpXVCJ9.eyJ0b2tlbl90eXBlIjoicmVmcmVzaCIsImV4cCI6MTcyNzY5NTcyOCwiaWF0IjoxNzI3MjYzNzI4LCJqdGkiOiI4OWE0OTJjMmNmNGQ0Y2QwODU0ODgzMDViNjM1YWZlOSIsInVzZXJfaWQiOjJ9.cfZGzIo1RaNvh4ujDgsItro9op1s4c7yMDppJNr_l1o	2024-09-25 11:28:48.883824+00	2024-09-30 11:28:48+00	2	89a492c2cf4d4cd085488305b635afe9
17	eyJhbGciOiJIUzI1NiIsInR5cCI6IkpXVCJ9.eyJ0b2tlbl90eXBlIjoicmVmcmVzaCIsImV4cCI6MTcyNzY5NjYzMywiaWF0IjoxNzI3MjY0NjMzLCJqdGkiOiIzZjE4Yzk0MzZhMmM0OTYxOWFkYjQyNjBmOThmMWRkZSIsInVzZXJfaWQiOjN9.acoVferAGVYSYjvY1ghib88-DI9_LW7esWRIx0tXXis	2024-09-25 11:43:53.701169+00	2024-09-30 11:43:53+00	3	3f18c9436a2c49619adb4260f98f1dde
18	eyJhbGciOiJIUzI1NiIsInR5cCI6IkpXVCJ9.eyJ0b2tlbl90eXBlIjoicmVmcmVzaCIsImV4cCI6MTcyNzY5NzIwNCwiaWF0IjoxNzI3MjY1MjA0LCJqdGkiOiJmN2FjMDYxN2YxNDk0Y2VkOGE5ODhmYjkwMTdmNmM0MiIsInVzZXJfaWQiOjF9.TkOntDImsnyFKrfAK-6yUczT3k9H5nydMOEsxeV5Q6k	2024-09-25 11:53:24.932602+00	2024-09-30 11:53:24+00	1	f7ac0617f1494ced8a988fb9017f6c42
19	eyJhbGciOiJIUzI1NiIsInR5cCI6IkpXVCJ9.eyJ0b2tlbl90eXBlIjoicmVmcmVzaCIsImV4cCI6MTcyNzcwMDAxMiwiaWF0IjoxNzI3MjY4MDEyLCJqdGkiOiI5MjBlODhjNjU5ZWM0ZjVlYjllMzU0YTgxZDI5NmUzOSIsInVzZXJfaWQiOjJ9.mjYb32pYZnLiQo2kJD-JlOLGKNW8-ho2ii_-26C8Eis	2024-09-25 12:40:12.959911+00	2024-09-30 12:40:12+00	2	920e88c659ec4f5eb9e354a81d296e39
20	eyJhbGciOiJIUzI1NiIsInR5cCI6IkpXVCJ9.eyJ0b2tlbl90eXBlIjoicmVmcmVzaCIsImV4cCI6MTcyNzcwMDIxMSwiaWF0IjoxNzI3MjY4MjExLCJqdGkiOiJjNzUwNjdkOGNjYjI0NzBhYmFjZWVhZjA0NTdiMGJkOSIsInVzZXJfaWQiOjJ9.AQSaRXVXZ5_zMbynNrTSHVSZB5M2BYI5_PRABISWP_k	2024-09-25 12:43:31.633593+00	2024-09-30 12:43:31+00	2	c75067d8ccb2470abaceeaf0457b0bd9
21	eyJhbGciOiJIUzI1NiIsInR5cCI6IkpXVCJ9.eyJ0b2tlbl90eXBlIjoicmVmcmVzaCIsImV4cCI6MTcyNzcwMDgyMiwiaWF0IjoxNzI3MjY4ODIyLCJqdGkiOiJjOTNkMTQ0ZDczMjU0NzUwYmFhZmJmZGJmYzc1Zjg2OCIsInVzZXJfaWQiOjN9.1VTh0W2GW0KCWjuEIsDyD4VOVLfJYM75CDYqTiHYdN0	2024-09-25 12:53:42.370825+00	2024-09-30 12:53:42+00	3	c93d144d73254750baafbfdbfc75f868
22	eyJhbGciOiJIUzI1NiIsInR5cCI6IkpXVCJ9.eyJ0b2tlbl90eXBlIjoicmVmcmVzaCIsImV4cCI6MTcyNzcwMDg5NSwiaWF0IjoxNzI3MjY4ODk1LCJqdGkiOiIyOGExMzRkMzM3ZWU0MzdmYjA5ZjljZGMyMWM3OWM3YiIsInVzZXJfaWQiOjN9.UzBcTAdJ21zdEDY-6EkEmFRBqcU-MoeIgVy7bsubqlI	2024-09-25 12:54:55.692026+00	2024-09-30 12:54:55+00	3	28a134d337ee437fb09f9cdc21c79c7b
23	eyJhbGciOiJIUzI1NiIsInR5cCI6IkpXVCJ9.eyJ0b2tlbl90eXBlIjoicmVmcmVzaCIsImV4cCI6MTcyNzcwMDk3NiwiaWF0IjoxNzI3MjY4OTc2LCJqdGkiOiIxOGFkMWYxNzI1OGQ0M2I2OTJiOGUwMTMyMTgxOTYxNCIsInVzZXJfaWQiOjN9.v0YCH33l7TUi7KcB6zZdqTINdcdlOb3TgnQSzqOoeZY	2024-09-25 12:56:16.267057+00	2024-09-30 12:56:16+00	3	18ad1f17258d43b692b8e01321819614
24	eyJhbGciOiJIUzI1NiIsInR5cCI6IkpXVCJ9.eyJ0b2tlbl90eXBlIjoicmVmcmVzaCIsImV4cCI6MTcyNzcwMTI3NiwiaWF0IjoxNzI3MjY5Mjc2LCJqdGkiOiJjYTRmMjNjZDhlZGQ0NDE1YmE2YzNlZjlhZTA0Mzc3ZSIsInVzZXJfaWQiOjN9.OsUcEVWEd2Ksxa6t66RlGUsMUj43NeE-qQcOAS0IGVk	2024-09-25 13:01:16.97274+00	2024-09-30 13:01:16+00	3	ca4f23cd8edd4415ba6c3ef9ae04377e
25	eyJhbGciOiJIUzI1NiIsInR5cCI6IkpXVCJ9.eyJ0b2tlbl90eXBlIjoicmVmcmVzaCIsImV4cCI6MTcyNzcwMTQ1MywiaWF0IjoxNzI3MjY5NDUzLCJqdGkiOiIxNTFhODRkODc0NmQ0MWNkYWVkZDgzZGRkOGNjY2FjYyIsInVzZXJfaWQiOjN9.0XZy8gVZok5X-yMSi2WLq9kdy737PWmA_6Anzt8NVv4	2024-09-25 13:04:13.165348+00	2024-09-30 13:04:13+00	3	151a84d8746d41cdaedd83ddd8cccacc
26	eyJhbGciOiJIUzI1NiIsInR5cCI6IkpXVCJ9.eyJ0b2tlbl90eXBlIjoicmVmcmVzaCIsImV4cCI6MTcyNzcwMTY0MCwiaWF0IjoxNzI3MjY5NjQwLCJqdGkiOiJhNjUwZWUwNGQwMjE0YjY3OWU0Y2M4YTNiOTc4YjlmMiIsInVzZXJfaWQiOjF9.glMCmXLbrZiHQUYDi1HewwbdGROoIncWJNBp3ACThSI	2024-09-25 13:07:20.13022+00	2024-09-30 13:07:20+00	1	a650ee04d0214b679e4cc8a3b978b9f2
27	eyJhbGciOiJIUzI1NiIsInR5cCI6IkpXVCJ9.eyJ0b2tlbl90eXBlIjoicmVmcmVzaCIsImV4cCI6MTcyNzcwMTY1NywiaWF0IjoxNzI3MjY5NjU3LCJqdGkiOiJkYTBjMDJjNDBkNGQ0ZmQwYjc5ODEwNWNmZTliZTdmMSIsInVzZXJfaWQiOjJ9.gMZcW-y_2wcjlgm4s4XGbUCKx5LZVhmYx0ECO6BNxX0	2024-09-25 13:07:37.170665+00	2024-09-30 13:07:37+00	2	da0c02c40d4d4fd0b798105cfe9be7f1
28	eyJhbGciOiJIUzI1NiIsInR5cCI6IkpXVCJ9.eyJ0b2tlbl90eXBlIjoicmVmcmVzaCIsImV4cCI6MTcyNzcwMzI0NCwiaWF0IjoxNzI3MjcxMjQ0LCJqdGkiOiJiODVkZmJhMzczZmY0ZGZiYTQ5OGM4YzdkMzdhMmEwYyIsInVzZXJfaWQiOjJ9.xl34vo2iR9JkA-gyahkC3dV5N06QZ6Xi0g_qfR45QV0	2024-09-25 13:34:04.560718+00	2024-09-30 13:34:04+00	2	b85dfba373ff4dfba498c8c7d37a2a0c
29	eyJhbGciOiJIUzI1NiIsInR5cCI6IkpXVCJ9.eyJ0b2tlbl90eXBlIjoicmVmcmVzaCIsImV4cCI6MTcyNzcwMzg0OSwiaWF0IjoxNzI3MjcxODQ5LCJqdGkiOiJlN2Y5N2JjZTQ5ZDk0ZTdhOWE5Nzg0YzVmMDA4ZjMxNiIsInVzZXJfaWQiOjJ9.PRFYOP-LCB1x06h1YZkUptOdpm9hXnX-Y5bsrgc6GY4	2024-09-25 13:44:09.075146+00	2024-09-30 13:44:09+00	2	e7f97bce49d94e7a9a9784c5f008f316
30	eyJhbGciOiJIUzI1NiIsInR5cCI6IkpXVCJ9.eyJ0b2tlbl90eXBlIjoicmVmcmVzaCIsImV4cCI6MTcyNzcxOTU0NywiaWF0IjoxNzI3Mjg3NTQ3LCJqdGkiOiIxNGQzOTM3YWE5Y2Y0N2Q4YTgwZDM1YTdhODRlNTk5OSIsInVzZXJfaWQiOjF9.ygFpZiBjYZ9ebRuP6mrJKRm3vdnmEuQGbaL1rd9LaiE	2024-09-25 18:05:47.72937+00	2024-09-30 18:05:47+00	1	14d3937aa9cf47d8a80d35a7a84e5999
31	eyJhbGciOiJIUzI1NiIsInR5cCI6IkpXVCJ9.eyJ0b2tlbl90eXBlIjoicmVmcmVzaCIsImV4cCI6MTcyNzc2MDY5MywiaWF0IjoxNzI3MzI4NjkzLCJqdGkiOiI4YjY5NzEzNzRhODg0M2Q0YjJjZDUyOWUyZWI4MzFlMCIsInVzZXJfaWQiOjF9.gF13St2YBnEj5UgO_JIivnJd4QpFEhmAbjaBYDXp25E	2024-09-26 05:31:33.622317+00	2024-10-01 05:31:33+00	1	8b6971374a8843d4b2cd529e2eb831e0
32	eyJhbGciOiJIUzI1NiIsInR5cCI6IkpXVCJ9.eyJ0b2tlbl90eXBlIjoicmVmcmVzaCIsImV4cCI6MTcyNzc2MTI5MSwiaWF0IjoxNzI3MzI5MjkxLCJqdGkiOiJmY2NlZGVjZmUxNDY0MmY5ODliMTFjZjgwNzk0ZmU4MiIsInVzZXJfaWQiOjF9.q9rUI2-rmaduKvc60SAfz2sbSqctlmundDw6a1outDA	2024-09-26 05:41:31.88943+00	2024-10-01 05:41:31+00	1	fccedecfe14642f989b11cf80794fe82
33	eyJhbGciOiJIUzI1NiIsInR5cCI6IkpXVCJ9.eyJ0b2tlbl90eXBlIjoicmVmcmVzaCIsImV4cCI6MTcyNzc2NDg2MSwiaWF0IjoxNzI3MzMyODYxLCJqdGkiOiI5YTI0ZTE0M2YzODM0NGNhODFmNTA1ZjAwNDZhOGIyNyIsInVzZXJfaWQiOjJ9.-U2QM30wpe3Sfwl0hC5goHNftouh7vr-N0aVDJgqcHI	2024-09-26 06:41:01.607671+00	2024-10-01 06:41:01+00	2	9a24e143f38344ca81f505f0046a8b27
34	eyJhbGciOiJIUzI1NiIsInR5cCI6IkpXVCJ9.eyJ0b2tlbl90eXBlIjoicmVmcmVzaCIsImV4cCI6MTcyNzc2NzQ1NywiaWF0IjoxNzI3MzM1NDU3LCJqdGkiOiIyOTExOGMwYTNmZTk0NDA4YmEwNmQxMDMzN2I0OWYwNCIsInVzZXJfaWQiOjF9.Lsxe1rm1P-neJtA3vQLr4M2W8YneuCqoZwekjgfLsIc	2024-09-26 07:24:17.388119+00	2024-10-01 07:24:17+00	1	29118c0a3fe94408ba06d10337b49f04
35	eyJhbGciOiJIUzI1NiIsInR5cCI6IkpXVCJ9.eyJ0b2tlbl90eXBlIjoicmVmcmVzaCIsImV4cCI6MTcyNzc3ODIzOCwiaWF0IjoxNzI3MzQ2MjM4LCJqdGkiOiIzOTY0ZDhjMzhkOGE0NDA4OGY4YTUzN2UxMTA3MWEyYSIsInVzZXJfaWQiOjF9.lZeTmVlMiOMgdW-Z7WtUfJgYsKu3BwaoQeHl2z4bBak	2024-09-26 10:23:58.366831+00	2024-10-01 10:23:58+00	1	3964d8c38d8a44088f8a537e11071a2a
36	eyJhbGciOiJIUzI1NiIsInR5cCI6IkpXVCJ9.eyJ0b2tlbl90eXBlIjoicmVmcmVzaCIsImV4cCI6MTcyNzc4ODI0NSwiaWF0IjoxNzI3MzU2MjQ1LCJqdGkiOiI2MmI1NTc1ZDYwZTM0NThiYTNmYjI5Yjg2NTQ5MTlmYyIsInVzZXJfaWQiOjF9.-1mKQlmmusob2cqg5EZy4MJPexw43EBZ6ha_iYljrhI	2024-09-26 13:10:45.765756+00	2024-10-01 13:10:45+00	1	62b5575d60e3458ba3fb29b8654919fc
37	eyJhbGciOiJIUzI1NiIsInR5cCI6IkpXVCJ9.eyJ0b2tlbl90eXBlIjoicmVmcmVzaCIsImV4cCI6MTcyNzg0Njk4MSwiaWF0IjoxNzI3NDE0OTgxLCJqdGkiOiI5OWM2YjI2ODk0NzE0MTUwOTBkMDA5MzY0NTdlM2YwZSIsInVzZXJfaWQiOjN9.Ue_E8eXZmNl72AQtEWV-LQJmkMHXIylih2r6tEDHAvE	2024-09-27 05:29:41.532749+00	2024-10-02 05:29:41+00	3	99c6b2689471415090d00936457e3f0e
38	eyJhbGciOiJIUzI1NiIsInR5cCI6IkpXVCJ9.eyJ0b2tlbl90eXBlIjoicmVmcmVzaCIsImV4cCI6MTcyNzg0NzI0NiwiaWF0IjoxNzI3NDE1MjQ2LCJqdGkiOiIzOTQ2Mjc2OWViYmY0MzA1OGJhOTVhM2MwMWRlODBhMCIsInVzZXJfaWQiOjF9.ha3PBVdqREMn9IC14BiIyaf2HnOy9KVFYKC63JCd6-g	2024-09-27 05:34:06.829362+00	2024-10-02 05:34:06+00	1	39462769ebbf43058ba95a3c01de80a0
39	eyJhbGciOiJIUzI1NiIsInR5cCI6IkpXVCJ9.eyJ0b2tlbl90eXBlIjoicmVmcmVzaCIsImV4cCI6MTcyNzg0OTg2NywiaWF0IjoxNzI3NDE3ODY3LCJqdGkiOiIxZjcyOGY5YWMyZjY0MzRkOTc3NGYyNDZjZGY2ZWU1YyIsInVzZXJfaWQiOjN9.pYAC5ABdPOw6-ruXACHtOFgGcLlMYfAW4tS3p-nZu_4	2024-09-27 06:17:47.614528+00	2024-10-02 06:17:47+00	3	1f728f9ac2f6434d9774f246cdf6ee5c
40	eyJhbGciOiJIUzI1NiIsInR5cCI6IkpXVCJ9.eyJ0b2tlbl90eXBlIjoicmVmcmVzaCIsImV4cCI6MTcyNzg2MjM2MSwiaWF0IjoxNzI3NDMwMzYxLCJqdGkiOiIwZWNjNDZhNjY1ZGM0ZjMxOTMxMWRkYjg4YWJiNWFkNSIsInVzZXJfaWQiOjF9.xQektLfpCqlLcYecItu33cThaWEWlgqKQqI02NsSnMc	2024-09-27 09:46:01.591178+00	2024-10-02 09:46:01+00	1	0ecc46a665dc4f319311ddb88abb5ad5
41	eyJhbGciOiJIUzI1NiIsInR5cCI6IkpXVCJ9.eyJ0b2tlbl90eXBlIjoicmVmcmVzaCIsImV4cCI6MTcyNzg3MjMyNSwiaWF0IjoxNzI3NDQwMzI1LCJqdGkiOiI3YzhjYTM4OGM5YzU0NmI3OTRhMThiYjA0Y2Y1MTkwMyIsInVzZXJfaWQiOjF9.1G-gTFv31RyQEW-I8N1mtA9FnTEJoKq8FOkRJPyTVeE	2024-09-27 12:32:05.683132+00	2024-10-02 12:32:05+00	1	7c8ca388c9c546b794a18bb04cf51903
42	eyJhbGciOiJIUzI1NiIsInR5cCI6IkpXVCJ9.eyJ0b2tlbl90eXBlIjoicmVmcmVzaCIsImV4cCI6MTcyNzg3MjM5OCwiaWF0IjoxNzI3NDQwMzk4LCJqdGkiOiI0Yzc1NWI1Zjk5ZTA0MjAzODhjZmFmNjNlMjk4NDE4NyIsInVzZXJfaWQiOjF9.ZOhi3kQp3Q54bstAdUplRzJCENqOnE0AJ2tKO3HRYaE	2024-09-27 12:33:18.621541+00	2024-10-02 12:33:18+00	1	4c755b5f99e0420388cfaf63e2984187
43	eyJhbGciOiJIUzI1NiIsInR5cCI6IkpXVCJ9.eyJ0b2tlbl90eXBlIjoicmVmcmVzaCIsImV4cCI6MTcyNzg3MjQ2MiwiaWF0IjoxNzI3NDQwNDYyLCJqdGkiOiJkNDM2N2Y2NjFlYTU0NDJjODY3Nzc0OThiYWU4MTc4ZiIsInVzZXJfaWQiOjJ9.76AUOxrT9PUh7C35huL1NNXD96jwOKt1e1O974_oECA	2024-09-27 12:34:22.613638+00	2024-10-02 12:34:22+00	2	d4367f661ea5442c86777498bae8178f
44	eyJhbGciOiJIUzI1NiIsInR5cCI6IkpXVCJ9.eyJ0b2tlbl90eXBlIjoicmVmcmVzaCIsImV4cCI6MTcyNzkzMTkzOCwiaWF0IjoxNzI3NDk5OTM4LCJqdGkiOiJhZmViOWE3ZjZlOTQ0ZjYxODY3ZDhmODcxYWY3MTJjZSIsInVzZXJfaWQiOjF9.9JksKcxqk6l4dw0tIcaWGdBYeLHG8jK6FMKZL9QH_vI	2024-09-28 05:05:38.008311+00	2024-10-03 05:05:38+00	1	afeb9a7f6e944f61867d8f871af712ce
45	eyJhbGciOiJIUzI1NiIsInR5cCI6IkpXVCJ9.eyJ0b2tlbl90eXBlIjoicmVmcmVzaCIsImV4cCI6MTcyNzk0MzY5NywiaWF0IjoxNzI3NTExNjk3LCJqdGkiOiJmZWNjOTQ1YWM0Y2E0YjA5YjY1YzdjYjEzOWQ5MzRkYiIsInVzZXJfaWQiOjF9.bnALRCrxwq59iYUCx4lJXPOXozraRZdb5gjm06CmKdw	2024-09-28 08:21:37.639904+00	2024-10-03 08:21:37+00	1	fecc945ac4ca4b09b65c7cb139d934db
46	eyJhbGciOiJIUzI1NiIsInR5cCI6IkpXVCJ9.eyJ0b2tlbl90eXBlIjoicmVmcmVzaCIsImV4cCI6MTcyNzk0ODY5OSwiaWF0IjoxNzI3NTE2Njk5LCJqdGkiOiIwYmJhOTNhMWQ1MjQ0ODVjOTYwODU0NmNlYmVmNmVhNCIsInVzZXJfaWQiOjF9.gu7Ch1eN90_-gC3deM-f7JeU3owRjfrHlQqufwEIQIk	2024-09-28 09:44:59.598474+00	2024-10-03 09:44:59+00	1	0bba93a1d524485c9608546cebef6ea4
47	eyJhbGciOiJIUzI1NiIsInR5cCI6IkpXVCJ9.eyJ0b2tlbl90eXBlIjoicmVmcmVzaCIsImV4cCI6MTcyNzk1MDc0NiwiaWF0IjoxNzI3NTE4NzQ2LCJqdGkiOiJiOWMwNGEwYzlkOTA0YzIyYjFiODQ0MjA5NTI4OGRjZiIsInVzZXJfaWQiOjN9.bqCQGg4eGtYkTWnTMSA2oOs-7uHHgJZI8J1YUowox-4	2024-09-28 10:19:06.298361+00	2024-10-03 10:19:06+00	3	b9c04a0c9d904c22b1b8442095288dcf
48	eyJhbGciOiJIUzI1NiIsInR5cCI6IkpXVCJ9.eyJ0b2tlbl90eXBlIjoicmVmcmVzaCIsImV4cCI6MTcyNzk1NDEwOCwiaWF0IjoxNzI3NTIyMTA4LCJqdGkiOiIxMzVlZTExMWRiM2U0NDU3ODg3YzJmMDc5MTBhY2MxMiIsInVzZXJfaWQiOjN9.xHwRkc1bJtrZUJbBsBYqLnCnhnMlZkJy8DGsA9XOtko	2024-09-28 11:15:08.406091+00	2024-10-03 11:15:08+00	3	135ee111db3e4457887c2f07910acc12
49	eyJhbGciOiJIUzI1NiIsInR5cCI6IkpXVCJ9.eyJ0b2tlbl90eXBlIjoicmVmcmVzaCIsImV4cCI6MTcyNzk1NjkxMywiaWF0IjoxNzI3NTI0OTEzLCJqdGkiOiI2MGMyMTY1MTlmYjE0N2Y3OGU0NmE4ZTcwODQ4NDQzOSIsInVzZXJfaWQiOjF9.jK5JJERI2l9abzCzS-QRzdFi-VQeMCsBBh-BDjRqm2c	2024-09-28 12:01:53.409399+00	2024-10-03 12:01:53+00	1	60c216519fb147f78e46a8e708484439
50	eyJhbGciOiJIUzI1NiIsInR5cCI6IkpXVCJ9.eyJ0b2tlbl90eXBlIjoicmVmcmVzaCIsImV4cCI6MTcyNzk1NzA0MSwiaWF0IjoxNzI3NTI1MDQxLCJqdGkiOiJhZDg2NzJkMzhjNDM0MzY2ODA0MGYxNDc1MDgwNjUyYSIsInVzZXJfaWQiOjF9.MG1Xd1rFnMNMCQHvnUb3Crq9m8FF_BxHOWOsezNxaBg	2024-09-28 12:04:01.344771+00	2024-10-03 12:04:01+00	1	ad8672d38c4343668040f1475080652a
51	eyJhbGciOiJIUzI1NiIsInR5cCI6IkpXVCJ9.eyJ0b2tlbl90eXBlIjoicmVmcmVzaCIsImV4cCI6MTcyNzk1Nzg1MCwiaWF0IjoxNzI3NTI1ODUwLCJqdGkiOiJkZWQyY2JiMGFhNGQ0ZDdmYjFlOTM4ZDMzNzEyMWQ4ZSIsInVzZXJfaWQiOjJ9.WCf05_LtDhE2aZ87t8UzLSnx9x0yJZHASLCxoNlHswQ	2024-09-28 12:17:30.785996+00	2024-10-03 12:17:30+00	2	ded2cbb0aa4d4d7fb1e938d337121d8e
52	eyJhbGciOiJIUzI1NiIsInR5cCI6IkpXVCJ9.eyJ0b2tlbl90eXBlIjoicmVmcmVzaCIsImV4cCI6MTcyNzk1ODUxMywiaWF0IjoxNzI3NTI2NTEzLCJqdGkiOiI4MGQwNDM3MTVlMDM0NDg0ODRmNzZiYjViYThhOGRjMiIsInVzZXJfaWQiOjF9.YVhXLNUGVYrImWH12t602zGqRJcg9Qg0KUba1UjofrU	2024-09-28 12:28:33.887574+00	2024-10-03 12:28:33+00	1	80d043715e03448484f76bb5ba8a8dc2
53	eyJhbGciOiJIUzI1NiIsInR5cCI6IkpXVCJ9.eyJ0b2tlbl90eXBlIjoicmVmcmVzaCIsImV4cCI6MTcyNzk1OTcwMiwiaWF0IjoxNzI3NTI3NzAyLCJqdGkiOiIxODllZGM5NDgzNDU0MTVmYTljMjdlNzI1MTI4MmRjMSIsInVzZXJfaWQiOjF9.nK4Hyzg0W--Hxc7uZKs8CeQzDJ209aXvURMkKGQSNJY	2024-09-28 12:48:22.023386+00	2024-10-03 12:48:22+00	1	189edc948345415fa9c27e7251282dc1
54	eyJhbGciOiJIUzI1NiIsInR5cCI6IkpXVCJ9.eyJ0b2tlbl90eXBlIjoicmVmcmVzaCIsImV4cCI6MTcyNzk1OTkwNywiaWF0IjoxNzI3NTI3OTA3LCJqdGkiOiJlMDIzMjU3NWRhNjA0Y2U4ODkyMmM4MzJiOTJiOTkyZCIsInVzZXJfaWQiOjN9.C8iDiicV0ky36hT6ds1aS_TqB64uR26arrmw87f900k	2024-09-28 12:51:47.861109+00	2024-10-03 12:51:47+00	3	e0232575da604ce88922c832b92b992d
55	eyJhbGciOiJIUzI1NiIsInR5cCI6IkpXVCJ9.eyJ0b2tlbl90eXBlIjoicmVmcmVzaCIsImV4cCI6MTcyNzk2MDY4OSwiaWF0IjoxNzI3NTI4Njg5LCJqdGkiOiI4NGRmYWYzYzRhMWI0YzA4OGEzNjk1MjdkZWQyNjNjYSIsInVzZXJfaWQiOjF9.MmQ6KnMKB-b_Z6sroIRH6dZZs2vCBJw8nh5t9rxzpCI	2024-09-28 13:04:49.214074+00	2024-10-03 13:04:49+00	1	84dfaf3c4a1b4c088a369527ded263ca
56	eyJhbGciOiJIUzI1NiIsInR5cCI6IkpXVCJ9.eyJ0b2tlbl90eXBlIjoicmVmcmVzaCIsImV4cCI6MTcyNzk2MDc5MywiaWF0IjoxNzI3NTI4NzkzLCJqdGkiOiI4NGRlNTdkNGI1NmQ0Mzc0OWVlMzczNmEzZWRkNzc4NSIsInVzZXJfaWQiOjJ9.tRrsJWvSSnlY_qFnPk4DzXL9Ab-xFiEZAJNSDZnaYq0	2024-09-28 13:06:33.082981+00	2024-10-03 13:06:33+00	2	84de57d4b56d43749ee3736a3edd7785
57	eyJhbGciOiJIUzI1NiIsInR5cCI6IkpXVCJ9.eyJ0b2tlbl90eXBlIjoicmVmcmVzaCIsImV4cCI6MTcyNzk2MTQ5MiwiaWF0IjoxNzI3NTI5NDkyLCJqdGkiOiJhODUxOTI4MTRhMWI0ZDZiYWRjY2M2OGRjNWNlYjcxZSIsInVzZXJfaWQiOjF9.TUPEAazIK6EfzYl4MZUkCuF3dMxLj1DlxzAIRKWGY50	2024-09-28 13:18:12.036879+00	2024-10-03 13:18:12+00	1	a85192814a1b4d6badccc68dc5ceb71e
58	eyJhbGciOiJIUzI1NiIsInR5cCI6IkpXVCJ9.eyJ0b2tlbl90eXBlIjoicmVmcmVzaCIsImV4cCI6MTcyNzk2MTg0MSwiaWF0IjoxNzI3NTI5ODQxLCJqdGkiOiI1YWIxYjQzMTFlYTg0M2NiYTI5NWQ0NmY5NjQ3NDhjYiIsInVzZXJfaWQiOjF9.iqYv6jY9Vkwq578IaM-iSyiP8W9U0sKWaPja9MBitis	2024-09-28 13:24:01.20598+00	2024-10-03 13:24:01+00	1	5ab1b4311ea843cba295d46f964748cb
59	eyJhbGciOiJIUzI1NiIsInR5cCI6IkpXVCJ9.eyJ0b2tlbl90eXBlIjoicmVmcmVzaCIsImV4cCI6MTcyNzk2MjA5MywiaWF0IjoxNzI3NTMwMDkzLCJqdGkiOiI2OGFjNjdlNmZjZmQ0OGMyOTgxMmUyZmVkNThiYjU0YSIsInVzZXJfaWQiOjJ9.A6OhZfEap2GLlOhEUWr-zeYLT3brgewY1D2qtZn7dRs	2024-09-28 13:28:13.770185+00	2024-10-03 13:28:13+00	2	68ac67e6fcfd48c29812e2fed58bb54a
60	eyJhbGciOiJIUzI1NiIsInR5cCI6IkpXVCJ9.eyJ0b2tlbl90eXBlIjoicmVmcmVzaCIsImV4cCI6MTcyNzk2Nzc0NiwiaWF0IjoxNzI3NTM1NzQ2LCJqdGkiOiI3YjFiYjA5MDI0YzU0ZGI4YmM0MGI0NzI5Y2ZmYmQ4NSIsInVzZXJfaWQiOjF9.oXGv-nJJhPZqJc6flDKoi4DP_EDX84XQ6OkNhgaVS6A	2024-09-28 15:02:26.875331+00	2024-10-03 15:02:26+00	1	7b1bb09024c54db8bc40b4729cffbd85
61	eyJhbGciOiJIUzI1NiIsInR5cCI6IkpXVCJ9.eyJ0b2tlbl90eXBlIjoicmVmcmVzaCIsImV4cCI6MTcyODEyMDEwMSwiaWF0IjoxNzI3Njg4MTAxLCJqdGkiOiI5N2IzYmY5NWY4MDM0MjFlYjljNTNhMGU3YTEwNDcxYyIsInVzZXJfaWQiOjF9.efuoD4gLtrc-xfTTq71dUASfpS4QpIX3SJk2WM_Iu00	2024-09-30 09:21:41.595003+00	2024-10-05 09:21:41+00	1	97b3bf95f803421eb9c53a0e7a10471c
62	eyJhbGciOiJIUzI1NiIsInR5cCI6IkpXVCJ9.eyJ0b2tlbl90eXBlIjoicmVmcmVzaCIsImV4cCI6MTcyODEyNDI0NiwiaWF0IjoxNzI3NjkyMjQ2LCJqdGkiOiJlYjA5OWU3MWQwYmY0YjA2YjAzYjU0ZThhYzZiNzViYyIsInVzZXJfaWQiOjN9.nWNtoDmALf6Isxdb0EbCbuXAic5Dc5LT3QwjtjMUFO0	2024-09-30 10:30:46.28293+00	2024-10-05 10:30:46+00	3	eb099e71d0bf4b06b03b54e8ac6b75bc
63	eyJhbGciOiJIUzI1NiIsInR5cCI6IkpXVCJ9.eyJ0b2tlbl90eXBlIjoicmVmcmVzaCIsImV4cCI6MTcyODEyNDcwNiwiaWF0IjoxNzI3NjkyNzA2LCJqdGkiOiIwNWMxMzQ4ZTYyODA0MzI4YjYwNWEzNzUzNjRjZmYzMiIsInVzZXJfaWQiOjJ9.hif7U7AH5AMpKzRioKfFtagALVMcfwBjY8sgduSKSKg	2024-09-30 10:38:26.196118+00	2024-10-05 10:38:26+00	2	05c1348e62804328b605a375364cff32
64	eyJhbGciOiJIUzI1NiIsInR5cCI6IkpXVCJ9.eyJ0b2tlbl90eXBlIjoicmVmcmVzaCIsImV4cCI6MTcyODEyOTM0MiwiaWF0IjoxNzI3Njk3MzQyLCJqdGkiOiJjMGRhYzkwYmJlZmY0NjdlODQ4MjhmZDVlNDYyZGI2MiIsInVzZXJfaWQiOjF9.D2fT1NOoMLkYJKnlQ_1Z74p0eiTMVCd8AsFrmByZEmI	2024-09-30 11:55:42.222926+00	2024-10-05 11:55:42+00	1	c0dac90bbeff467e84828fd5e462db62
65	eyJhbGciOiJIUzI1NiIsInR5cCI6IkpXVCJ9.eyJ0b2tlbl90eXBlIjoicmVmcmVzaCIsImV4cCI6MTcyODEzMDQwOCwiaWF0IjoxNzI3Njk4NDA4LCJqdGkiOiI0MjE1MzExN2UyNDA0MDNiOTc4ZGExMTliNWI1MTlkYiIsInVzZXJfaWQiOjF9.o5kiIQWe_KPYGWCXIIF3ULzg8M_ZbxGRBv9cE97qyik	2024-09-30 12:13:28.60026+00	2024-10-05 12:13:28+00	1	42153117e240403b978da119b5b519db
66	eyJhbGciOiJIUzI1NiIsInR5cCI6IkpXVCJ9.eyJ0b2tlbl90eXBlIjoicmVmcmVzaCIsImV4cCI6MTcyODEzMDgwMCwiaWF0IjoxNzI3Njk4ODAwLCJqdGkiOiIzOTE1YTYwMDI1MDg0MTExOTRhYWY0ZGI1NjMzNzc3MCIsInVzZXJfaWQiOjF9.eC_Vj0k_0OGFoU3JCCNBsYTkbQjY5alxqGgXGNpBmA0	2024-09-30 12:20:00.067742+00	2024-10-05 12:20:00+00	1	3915a6002508411194aaf4db56337770
67	eyJhbGciOiJIUzI1NiIsInR5cCI6IkpXVCJ9.eyJ0b2tlbl90eXBlIjoicmVmcmVzaCIsImV4cCI6MTcyODEzMDgyNiwiaWF0IjoxNzI3Njk4ODI2LCJqdGkiOiJjZTEzZWFlY2Y0ZjY0ZWY5ODRhMzllYjVjNjEwMWZhZCIsInVzZXJfaWQiOjN9.3oO8SCU3zBC4vbKO8RWoiT-wwb31K7-09eO89IHlv1s	2024-09-30 12:20:26.232259+00	2024-10-05 12:20:26+00	3	ce13eaecf4f64ef984a39eb5c6101fad
68	eyJhbGciOiJIUzI1NiIsInR5cCI6IkpXVCJ9.eyJ0b2tlbl90eXBlIjoicmVmcmVzaCIsImV4cCI6MTcyODE5OTM3MywiaWF0IjoxNzI3NzY3MzczLCJqdGkiOiIzNGE0NjMzOTFmYjg0ZTNmOGQ0MmUyNzAwMDY3ZjA5NyIsInVzZXJfaWQiOjF9.eAqJabphFGKS_t94iMMBU-YyhFiVjpJn4UJzDr0eoZs	2024-10-01 07:22:53.945631+00	2024-10-06 07:22:53+00	1	34a463391fb84e3f8d42e2700067f097
69	eyJhbGciOiJIUzI1NiIsInR5cCI6IkpXVCJ9.eyJ0b2tlbl90eXBlIjoicmVmcmVzaCIsImV4cCI6MTcyODMwMDcxOSwiaWF0IjoxNzI3ODY4NzE5LCJqdGkiOiJiZTBkNGI4OTEzZmI0ZDc3YTBkODgyNWQ2OWI3NTc0NyIsInVzZXJfaWQiOjF9.2rLpDH2YCifpPzXmR8u0kub_-Xw84PIxkN_J1rE7rOQ	2024-10-02 11:31:59.350677+00	2024-10-07 11:31:59+00	1	be0d4b8913fb4d77a0d8825d69b75747
70	eyJhbGciOiJIUzI1NiIsInR5cCI6IkpXVCJ9.eyJ0b2tlbl90eXBlIjoicmVmcmVzaCIsImV4cCI6MTcyODMwNDYzNSwiaWF0IjoxNzI3ODcyNjM1LCJqdGkiOiI3NDIxMzg0Y2M0MTI0NGIxOGRhMjE5ZTM3ZDNkNjlkMyIsInVzZXJfaWQiOjJ9.H8XMFcEQFEF9CBlaQRZsPr2jADfz1e7_bMGQWZX0A3c	2024-10-02 12:37:15.991543+00	2024-10-07 12:37:15+00	2	7421384cc41244b18da219e37d3d69d3
71	eyJhbGciOiJIUzI1NiIsInR5cCI6IkpXVCJ9.eyJ0b2tlbl90eXBlIjoicmVmcmVzaCIsImV4cCI6MTcyODMwOTc5OCwiaWF0IjoxNzI3ODc3Nzk4LCJqdGkiOiI5YmFhN2IxMmVhZDk0YzFkOWY0ZTZhMmQ5MDE3OTFmYyIsInVzZXJfaWQiOjN9.mwbYVUjd7iz_HE7nMhvJoTLvLqFyvV-OSOv2I0exkFM	2024-10-02 14:03:18.725708+00	2024-10-07 14:03:18+00	3	9baa7b12ead94c1d9f4e6a2d901791fc
72	eyJhbGciOiJIUzI1NiIsInR5cCI6IkpXVCJ9.eyJ0b2tlbl90eXBlIjoicmVmcmVzaCIsImV4cCI6MTcyODMxMTM3MywiaWF0IjoxNzI3ODc5MzczLCJqdGkiOiIyZDlhM2ZlNzczYmM0ZDhhYmM3MTM4NzIxNjI1NmIxNCIsInVzZXJfaWQiOjF9.N-icANmNpaKyv1XIHmAZhML_VAkHnIgQJZNGGxF-Keg	2024-10-02 14:29:33.40659+00	2024-10-07 14:29:33+00	1	2d9a3fe773bc4d8abc71387216256b14
73	eyJhbGciOiJIUzI1NiIsInR5cCI6IkpXVCJ9.eyJ0b2tlbl90eXBlIjoicmVmcmVzaCIsImV4cCI6MTcyODM1OTgxMiwiaWF0IjoxNzI3OTI3ODEyLCJqdGkiOiIxMDNhMTU1YjYxNDY0MDM1YTAyNjc5MzQ0NWM5NjExMCIsInVzZXJfaWQiOjF9.e_P51vs0qrQbW3EdLQRYorhgx-kx9jMlz_hxXWOt3Zc	2024-10-03 03:56:52.149988+00	2024-10-08 03:56:52+00	1	103a155b61464035a026793445c96110
74	eyJhbGciOiJIUzI1NiIsInR5cCI6IkpXVCJ9.eyJ0b2tlbl90eXBlIjoicmVmcmVzaCIsImV4cCI6MTcyODM2NjY1MSwiaWF0IjoxNzI3OTM0NjUxLCJqdGkiOiJmMjQ3MTNjYjgzMmE0NThhOWU3OTRiNzBjY2RkZTIwNCIsInVzZXJfaWQiOjF9.vwfjV9fGezzZMM_CI9gpKZGl4Zrtml0vaLJw2-IiI_8	2024-10-03 05:50:51.235241+00	2024-10-08 05:50:51+00	1	f24713cb832a458a9e794b70ccdde204
75	eyJhbGciOiJIUzI1NiIsInR5cCI6IkpXVCJ9.eyJ0b2tlbl90eXBlIjoicmVmcmVzaCIsImV4cCI6MTcyODM2NzQ4MiwiaWF0IjoxNzI3OTM1NDgyLCJqdGkiOiJhMjJjNWU5ZjI3NWU0MjkzYTE1NzhkYmY1YzY1MTAyYSIsInVzZXJfaWQiOjN9.LqQUBygD8SYL_ECSETQ5IPwI4AY_duFh3Hf1VTiC0Sc	2024-10-03 06:04:42.11301+00	2024-10-08 06:04:42+00	3	a22c5e9f275e4293a1578dbf5c65102a
76	eyJhbGciOiJIUzI1NiIsInR5cCI6IkpXVCJ9.eyJ0b2tlbl90eXBlIjoicmVmcmVzaCIsImV4cCI6MTcyODM2ODE0MywiaWF0IjoxNzI3OTM2MTQzLCJqdGkiOiJkNTYxMzBjNmFiYmE0MDYxOTkzNjQzNTQ4Yzg3MWNhMCIsInVzZXJfaWQiOjF9.PvaAcS9cGTU-A6cXYBaXXFdo5Td2y_MawOwbxGjHo88	2024-10-03 06:15:43.937035+00	2024-10-08 06:15:43+00	1	d56130c6abba4061993643548c871ca0
77	eyJhbGciOiJIUzI1NiIsInR5cCI6IkpXVCJ9.eyJ0b2tlbl90eXBlIjoicmVmcmVzaCIsImV4cCI6MTcyODM2OTMzMiwiaWF0IjoxNzI3OTM3MzMyLCJqdGkiOiJmOGNhMThmYWYzMWY0MzcwYmEyM2Y2M2UxN2Y0Nzc4YSIsInVzZXJfaWQiOjF9.OhZ7XvPZQdY3Xx71EB7Hrfz_xU5Ay-bwUHVd7Q71VxI	2024-10-03 06:35:32.21614+00	2024-10-08 06:35:32+00	1	f8ca18faf31f4370ba23f63e17f4778a
78	eyJhbGciOiJIUzI1NiIsInR5cCI6IkpXVCJ9.eyJ0b2tlbl90eXBlIjoicmVmcmVzaCIsImV4cCI6MTcyODM2OTM0NiwiaWF0IjoxNzI3OTM3MzQ2LCJqdGkiOiI0ZWIwMmE4ZDVmOTQ0MmE2YTBlYjhlYzQyYzU1ZjBhYyIsInVzZXJfaWQiOjJ9.QSXKe8hnTEj8kF9OyyxCUnZC2y932KG1-Kh5ZicZq8E	2024-10-03 06:35:46.080346+00	2024-10-08 06:35:46+00	2	4eb02a8d5f9442a6a0eb8ec42c55f0ac
79	eyJhbGciOiJIUzI1NiIsInR5cCI6IkpXVCJ9.eyJ0b2tlbl90eXBlIjoicmVmcmVzaCIsImV4cCI6MTcyODM2OTY3NCwiaWF0IjoxNzI3OTM3Njc0LCJqdGkiOiI1YTUzN2M5M2QxM2E0YTE4YTEyZjY3NjNmNTlkMmQwZCIsInVzZXJfaWQiOjN9.t1dmj0Q3g-BWAzVasWGoAzM7ibv6cTJelS9tHPl6c_o	2024-10-03 06:41:14.35546+00	2024-10-08 06:41:14+00	3	5a537c93d13a4a18a12f6763f59d2d0d
80	eyJhbGciOiJIUzI1NiIsInR5cCI6IkpXVCJ9.eyJ0b2tlbl90eXBlIjoicmVmcmVzaCIsImV4cCI6MTcyODM3MjMzMywiaWF0IjoxNzI3OTQwMzMzLCJqdGkiOiIxOWFmYjdkZmVhNmE0MTM1YWNlOWExZWQ3ODM2NDNhMCIsInVzZXJfaWQiOjF9.Ku4A7JzupL3n_dM2Vl9bavSdUszJAC3gg4sYoI60jBM	2024-10-03 07:25:33.871414+00	2024-10-08 07:25:33+00	1	19afb7dfea6a4135ace9a1ed783643a0
81	eyJhbGciOiJIUzI1NiIsInR5cCI6IkpXVCJ9.eyJ0b2tlbl90eXBlIjoicmVmcmVzaCIsImV4cCI6MTcyODM3MzI0MSwiaWF0IjoxNzI3OTQxMjQxLCJqdGkiOiIxNDJiMTllMDMwN2Q0M2E0YmU1YjE1NTY0ZmRjYTQ5MyIsInVzZXJfaWQiOjN9.WNru1OVE9T5yGtWSvnfCeMo48VWfn7G0__Xd82gnXyw	2024-10-03 07:40:41.179573+00	2024-10-08 07:40:41+00	3	142b19e0307d43a4be5b15564fdca493
82	eyJhbGciOiJIUzI1NiIsInR5cCI6IkpXVCJ9.eyJ0b2tlbl90eXBlIjoicmVmcmVzaCIsImV4cCI6MTcyODM3MzQ3NCwiaWF0IjoxNzI3OTQxNDc0LCJqdGkiOiJiOTFjMjk0NDJiYWM0NDgxYjI3ZGZmNGI2ZmJiZGQ4OSIsInVzZXJfaWQiOjF9.Jc1rjZ9rN4QSzXNE3-I8km7kLL-YHvIB771bn2RuFzY	2024-10-03 07:44:34.428189+00	2024-10-08 07:44:34+00	1	b91c29442bac4481b27dff4b6fbbdd89
83	eyJhbGciOiJIUzI1NiIsInR5cCI6IkpXVCJ9.eyJ0b2tlbl90eXBlIjoicmVmcmVzaCIsImV4cCI6MTcyODM4MTY0MSwiaWF0IjoxNzI3OTQ5NjQxLCJqdGkiOiIyMzkwNjZhZjhjMWU0MWQ5YTM1NWM4NWUxNGMzOGZjNyIsInVzZXJfaWQiOjF9.1ucx97IQlXorbDBFjlGW9oyM_yOZCnpnI7Asmotaqjw	2024-10-03 10:00:41.83593+00	2024-10-08 10:00:41+00	1	239066af8c1e41d9a355c85e14c38fc7
84	eyJhbGciOiJIUzI1NiIsInR5cCI6IkpXVCJ9.eyJ0b2tlbl90eXBlIjoicmVmcmVzaCIsImV4cCI6MTcyODM4MjM4OCwiaWF0IjoxNzI3OTUwMzg4LCJqdGkiOiJiZGQ2NzVhMTcxMzQ0ZWM2YWM0YTI1ODZlNmJkMmMwNiIsInVzZXJfaWQiOjN9.aJ3qG3Bl5Q-hvYhmUlmIhlrnZUQMUy5N1QDjXd_ahF8	2024-10-03 10:13:08.231465+00	2024-10-08 10:13:08+00	3	bdd675a171344ec6ac4a2586e6bd2c06
85	eyJhbGciOiJIUzI1NiIsInR5cCI6IkpXVCJ9.eyJ0b2tlbl90eXBlIjoicmVmcmVzaCIsImV4cCI6MTcyODM4NTIzNCwiaWF0IjoxNzI3OTUzMjM0LCJqdGkiOiI4NGQ1MmFiMzQ0NGU0MDQzYTJlNzBhNTM2ZWJjODllZCIsInVzZXJfaWQiOjF9.A8Z5vAOvmJYf3eTTzHiueozaJTMQltAyICW-Nr_LxK0	2024-10-03 11:00:34.007885+00	2024-10-08 11:00:34+00	1	84d52ab3444e4043a2e70a536ebc89ed
86	eyJhbGciOiJIUzI1NiIsInR5cCI6IkpXVCJ9.eyJ0b2tlbl90eXBlIjoicmVmcmVzaCIsImV4cCI6MTcyODM4NjI0NiwiaWF0IjoxNzI3OTU0MjQ2LCJqdGkiOiI1MDY2ZTdmN2ZhNWU0NTk1OTYyZGUyMmUwY2ZiOTc5MiIsInVzZXJfaWQiOjN9.4yu8kD3vh3sIKhfTQ818qZRm9MMVfGcnpygtIdtjhjs	2024-10-03 11:17:26.833938+00	2024-10-08 11:17:26+00	3	5066e7f7fa5e4595962de22e0cfb9792
87	eyJhbGciOiJIUzI1NiIsInR5cCI6IkpXVCJ9.eyJ0b2tlbl90eXBlIjoicmVmcmVzaCIsImV4cCI6MTcyODM4NjQzNSwiaWF0IjoxNzI3OTU0NDM1LCJqdGkiOiI5Mzc1M2QzZWNhODg0ZmMwYjUxZTcyOWNmZmZmYWI3NyIsInVzZXJfaWQiOjF9.5A8xE53I6rHQ799sP-HFuy_G8ohqP07do5tCEAIAYXM	2024-10-03 11:20:35.734219+00	2024-10-08 11:20:35+00	1	93753d3eca884fc0b51e729cffffab77
88	eyJhbGciOiJIUzI1NiIsInR5cCI6IkpXVCJ9.eyJ0b2tlbl90eXBlIjoicmVmcmVzaCIsImV4cCI6MTcyODM4NjU0OSwiaWF0IjoxNzI3OTU0NTQ5LCJqdGkiOiI4ZTBkZDUwNDI4YmU0ZjA3YTUzYmMxNTcwOTU4ODQ3ZiIsInVzZXJfaWQiOjN9.dXwD9234mzPiEUXg2opnIqyQ88tR3xZdt8_I1FCE2pE	2024-10-03 11:22:29.361619+00	2024-10-08 11:22:29+00	3	8e0dd50428be4f07a53bc1570958847f
89	eyJhbGciOiJIUzI1NiIsInR5cCI6IkpXVCJ9.eyJ0b2tlbl90eXBlIjoicmVmcmVzaCIsImV4cCI6MTcyODM4NjY3OSwiaWF0IjoxNzI3OTU0Njc5LCJqdGkiOiIwYWFjYTc0MzNjYjQ0YjQxOGRiY2NkZmY2MTBhYzg3ZCIsInVzZXJfaWQiOjF9.O2rY-F_8DueFYydEU2CHDmE4dfUpghcYSHsU3wuE1JA	2024-10-03 11:24:39.754162+00	2024-10-08 11:24:39+00	1	0aaca7433cb44b418dbccdff610ac87d
90	eyJhbGciOiJIUzI1NiIsInR5cCI6IkpXVCJ9.eyJ0b2tlbl90eXBlIjoicmVmcmVzaCIsImV4cCI6MTcyODM4NzgxMywiaWF0IjoxNzI3OTU1ODEzLCJqdGkiOiI3MTU3ZGM2OGYzMTU0OTlmYjIxYWVhOWUxZTVkMjRmZiIsInVzZXJfaWQiOjN9.g9xIk7lhmVWyiomep48zELC9WHd9h_6LQgfmiC2JhL4	2024-10-03 11:43:33.014558+00	2024-10-08 11:43:33+00	3	7157dc68f315499fb21aea9e1e5d24ff
91	eyJhbGciOiJIUzI1NiIsInR5cCI6IkpXVCJ9.eyJ0b2tlbl90eXBlIjoicmVmcmVzaCIsImV4cCI6MTcyODM4ODA5MiwiaWF0IjoxNzI3OTU2MDkyLCJqdGkiOiIxZDg4ODQwNmUwMzA0YjJiYTBjNDQ5ZmY3ZjM4YjY2YiIsInVzZXJfaWQiOjF9.4YnGgP_DnahIyjS1W4a3wGbutUJ8ZD_zJvPM3PlZJ18	2024-10-03 11:48:12.868755+00	2024-10-08 11:48:12+00	1	1d888406e0304b2ba0c449ff7f38b66b
92	eyJhbGciOiJIUzI1NiIsInR5cCI6IkpXVCJ9.eyJ0b2tlbl90eXBlIjoicmVmcmVzaCIsImV4cCI6MTcyODM4ODEyNywiaWF0IjoxNzI3OTU2MTI3LCJqdGkiOiIzZjVjZmY2NjBiOTE0M2ZkOWZhYjBlYzYyZDhhYTMzYSIsInVzZXJfaWQiOjN9.Ilq6uFrwQdf2ll6-UOGQpE8vhKLY-7-R3Ah-fB1Lpi0	2024-10-03 11:48:47.295691+00	2024-10-08 11:48:47+00	3	3f5cff660b9143fd9fab0ec62d8aa33a
93	eyJhbGciOiJIUzI1NiIsInR5cCI6IkpXVCJ9.eyJ0b2tlbl90eXBlIjoicmVmcmVzaCIsImV4cCI6MTcyODM4ODkxMiwiaWF0IjoxNzI3OTU2OTEyLCJqdGkiOiIzMmM5ODQ3ODM1YmM0ODc3OGNlOTU4ZDlhMWRjZjFlOSIsInVzZXJfaWQiOjF9.QNMyFuRpUTj2_SPmeQFYBIquDIJQYg6A0-XNawRqkFY	2024-10-03 12:01:52.30041+00	2024-10-08 12:01:52+00	1	32c9847835bc48778ce958d9a1dcf1e9
94	eyJhbGciOiJIUzI1NiIsInR5cCI6IkpXVCJ9.eyJ0b2tlbl90eXBlIjoicmVmcmVzaCIsImV4cCI6MTcyODQ1MzM0MSwiaWF0IjoxNzI4MDIxMzQxLCJqdGkiOiJkZWYxMmNlYTg2MTI0MDhkYmMyMjYyZjFmOGEyNTVjMSIsInVzZXJfaWQiOjN9.TcnllmZXOb33lnsnI-PhTaj9yyaFR1rIGBdM_8UubgU	2024-10-04 05:55:41.447895+00	2024-10-09 05:55:41+00	3	def12cea8612408dbc2262f1f8a255c1
95	eyJhbGciOiJIUzI1NiIsInR5cCI6IkpXVCJ9.eyJ0b2tlbl90eXBlIjoicmVmcmVzaCIsImV4cCI6MTcyODQ1Mzc2MywiaWF0IjoxNzI4MDIxNzYzLCJqdGkiOiI2ZGVlOTJjZDAyNzc0OGU1ODhlZjE2Yjc1ZjZlYjQ3ZiIsInVzZXJfaWQiOjF9.aMz_aEmMaifekGMyx4k1_G4eiz2bRwfD8mDUi5IMnjc	2024-10-04 06:02:43.469533+00	2024-10-09 06:02:43+00	1	6dee92cd027748e588ef16b75f6eb47f
96	eyJhbGciOiJIUzI1NiIsInR5cCI6IkpXVCJ9.eyJ0b2tlbl90eXBlIjoicmVmcmVzaCIsImV4cCI6MTcyODQ1NTU0NSwiaWF0IjoxNzI4MDIzNTQ1LCJqdGkiOiJiNDYxYjAyODZhYmU0NWM1YWVlY2ZlYWZmNjJhN2FmMyIsInVzZXJfaWQiOjF9.M7WLwI0TPd3QdBflPEa1T50dJnUeQDUMxyGLhwoTrXg	2024-10-04 06:32:25.297512+00	2024-10-09 06:32:25+00	1	b461b0286abe45c5aeecfeaff62a7af3
97	eyJhbGciOiJIUzI1NiIsInR5cCI6IkpXVCJ9.eyJ0b2tlbl90eXBlIjoicmVmcmVzaCIsImV4cCI6MTcyODQ3NDMwNCwiaWF0IjoxNzI4MDQyMzA0LCJqdGkiOiI2MDUxYTJhMTFhZmY0NjM3YTZjNDk3NzZjN2QzYWI4NSIsInVzZXJfaWQiOjF9.U80MpI24Y0KqLQ8d4hQJHSb12zWZU-_W5esj5r9DhrI	2024-10-04 11:45:04.209959+00	2024-10-09 11:45:04+00	1	6051a2a11aff4637a6c49776c7d3ab85
98	eyJhbGciOiJIUzI1NiIsInR5cCI6IkpXVCJ9.eyJ0b2tlbl90eXBlIjoicmVmcmVzaCIsImV4cCI6MTcyODQ3NDQzNiwiaWF0IjoxNzI4MDQyNDM2LCJqdGkiOiI3OGViODU2YWI0ZTQ0MjgzYjQ4OTdhNjMyZTA3NTJlOCIsInVzZXJfaWQiOjF9.6f_-mggZ0j_7pDYZ-UnUe3XaDq285Oi9y4i58wU1Be8	2024-10-04 11:47:16.688782+00	2024-10-09 11:47:16+00	1	78eb856ab4e44283b4897a632e0752e8
99	eyJhbGciOiJIUzI1NiIsInR5cCI6IkpXVCJ9.eyJ0b2tlbl90eXBlIjoicmVmcmVzaCIsImV4cCI6MTcyODQ3NDQ5MywiaWF0IjoxNzI4MDQyNDkzLCJqdGkiOiJkOWZlMDM1MTkzYWM0YjEyODIzNzE1ZDVkMjk3OWE3NiIsInVzZXJfaWQiOjF9.ItW1mcsft5XFXKK-0he_9wowZLJl7AaOv7Ddn5nev_4	2024-10-04 11:48:13.461754+00	2024-10-09 11:48:13+00	1	d9fe035193ac4b12823715d5d2979a76
100	eyJhbGciOiJIUzI1NiIsInR5cCI6IkpXVCJ9.eyJ0b2tlbl90eXBlIjoicmVmcmVzaCIsImV4cCI6MTcyODQ3NjMxNiwiaWF0IjoxNzI4MDQ0MzE2LCJqdGkiOiIwNjgxZTA0MWQ3NTI0ZGRiOGQ0M2YwYzgwYWRhMjY4OSIsInVzZXJfaWQiOjF9.JlJO80Re0Y6Yn_WWFTRolj_5EgkQlR81HwGDY7R1v7E	2024-10-04 12:18:36.677665+00	2024-10-09 12:18:36+00	1	0681e041d7524ddb8d43f0c80ada2689
101	eyJhbGciOiJIUzI1NiIsInR5cCI6IkpXVCJ9.eyJ0b2tlbl90eXBlIjoicmVmcmVzaCIsImV4cCI6MTcyODQ3NjMyOCwiaWF0IjoxNzI4MDQ0MzI4LCJqdGkiOiJmNjRmOGYzNjM0N2I0YWQzOGViYTIxNDJlN2ZkMGM3YSIsInVzZXJfaWQiOjN9.5E3FtFh4DIhYSA6EYADUW5WgLrCDaINH-jIQwpZUL30	2024-10-04 12:18:48.764745+00	2024-10-09 12:18:48+00	3	f64f8f36347b4ad38eba2142e7fd0c7a
102	eyJhbGciOiJIUzI1NiIsInR5cCI6IkpXVCJ9.eyJ0b2tlbl90eXBlIjoicmVmcmVzaCIsImV4cCI6MTcyODQ3NjU3MSwiaWF0IjoxNzI4MDQ0NTcxLCJqdGkiOiI5YmVmOWFlYmMxYjA0Nzk4YTA4MGNhODFhNDYyMzI4NyIsInVzZXJfaWQiOjF9.5bYrrvQK2G18agEI9ZoW9bFPAfhCk5_KlGQHV0bU60E	2024-10-04 12:22:51.682271+00	2024-10-09 12:22:51+00	1	9bef9aebc1b04798a080ca81a4623287
103	eyJhbGciOiJIUzI1NiIsInR5cCI6IkpXVCJ9.eyJ0b2tlbl90eXBlIjoicmVmcmVzaCIsImV4cCI6MTcyODU0MTg2OCwiaWF0IjoxNzI4MTA5ODY4LCJqdGkiOiI5ZjVkNTc2YjBkNTU0OTczODBkOTY4NzA2MGFhNGU0NyIsInVzZXJfaWQiOjF9.A6rW0mUqfsAM9FSa-BZQyOrCZvS__TAfnReeN9MWgcs	2024-10-05 06:31:08.059451+00	2024-10-10 06:31:08+00	1	9f5d576b0d55497380d9687060aa4e47
104	eyJhbGciOiJIUzI1NiIsInR5cCI6IkpXVCJ9.eyJ0b2tlbl90eXBlIjoicmVmcmVzaCIsImV4cCI6MTcyODU0MzIxNSwiaWF0IjoxNzI4MTExMjE1LCJqdGkiOiJhOWRjYjg5MWUxZDg0N2NmOGMwMTZiYzJkZTMyNDU2OCIsInVzZXJfaWQiOjJ9.xeJkSnpnT5VYTLuH50Rzka-0wrRV_6ez-H8TQTXusDE	2024-10-05 06:53:35.483894+00	2024-10-10 06:53:35+00	2	a9dcb891e1d847cf8c016bc2de324568
105	eyJhbGciOiJIUzI1NiIsInR5cCI6IkpXVCJ9.eyJ0b2tlbl90eXBlIjoicmVmcmVzaCIsImV4cCI6MTcyODU0MzI3MSwiaWF0IjoxNzI4MTExMjcxLCJqdGkiOiJkM2IzNzZmM2I1YjQ0OWQ0YTdhYjI3NmQ5MTQ3MmVlMSIsInVzZXJfaWQiOjF9.n-FKY2mqx5xUamJT7Use78Q8oUtfpuTKkBS5Ax4vdBA	2024-10-05 06:54:31.007333+00	2024-10-10 06:54:31+00	1	d3b376f3b5b449d4a7ab276d91472ee1
106	eyJhbGciOiJIUzI1NiIsInR5cCI6IkpXVCJ9.eyJ0b2tlbl90eXBlIjoicmVmcmVzaCIsImV4cCI6MTcyODU0MzI5OCwiaWF0IjoxNzI4MTExMjk4LCJqdGkiOiI2M2E3NGViZDRiNjQ0ZDgzOTRiNDYwNzM4M2YyMjRlZSIsInVzZXJfaWQiOjJ9.EGqeVctKYIscPzlJXOX5HL4zeDlwJ65mLyQ8-bW4dgM	2024-10-05 06:54:58.23844+00	2024-10-10 06:54:58+00	2	63a74ebd4b644d8394b4607383f224ee
107	eyJhbGciOiJIUzI1NiIsInR5cCI6IkpXVCJ9.eyJ0b2tlbl90eXBlIjoicmVmcmVzaCIsImV4cCI6MTcyODU0MzQ0MiwiaWF0IjoxNzI4MTExNDQyLCJqdGkiOiI3ZTllM2ZiNjgyZjg0NTBjYmYxNjM3YTUyZjViNWQwMiIsInVzZXJfaWQiOjN9.9qVTv5HIMI7l5ABS9RMkckGlZ3FX-ztLKQQ0QVbopYs	2024-10-05 06:57:22.453429+00	2024-10-10 06:57:22+00	3	7e9e3fb682f8450cbf1637a52f5b5d02
108	eyJhbGciOiJIUzI1NiIsInR5cCI6IkpXVCJ9.eyJ0b2tlbl90eXBlIjoicmVmcmVzaCIsImV4cCI6MTcyODU0Nzg5MCwiaWF0IjoxNzI4MTE1ODkwLCJqdGkiOiJiNTBhMzQwNTM2ZDg0YTA3OGRkNmZiNThmY2IwNzZhMSIsInVzZXJfaWQiOjF9.3eMGF6xDOh_ZNx6T9gJ1yzQs3Oi7T6t3uUue2tM6KJw	2024-10-05 08:11:30.590951+00	2024-10-10 08:11:30+00	1	b50a340536d84a078dd6fb58fcb076a1
109	eyJhbGciOiJIUzI1NiIsInR5cCI6IkpXVCJ9.eyJ0b2tlbl90eXBlIjoicmVmcmVzaCIsImV4cCI6MTcyODU0ODE0MywiaWF0IjoxNzI4MTE2MTQzLCJqdGkiOiJlZGZkZTI2ZWM4MzU0Y2U4YjNiNzM1YTI5Y2FkZGRhNyIsInVzZXJfaWQiOjF9._CXiZEgxW_eQU2F-f9JStNMHozIhdZNIsi9GEcu_2Lk	2024-10-05 08:15:43.308721+00	2024-10-10 08:15:43+00	1	edfde26ec8354ce8b3b735a29caddda7
110	eyJhbGciOiJIUzI1NiIsInR5cCI6IkpXVCJ9.eyJ0b2tlbl90eXBlIjoicmVmcmVzaCIsImV4cCI6MTcyODU1NTcxOSwiaWF0IjoxNzI4MTIzNzE5LCJqdGkiOiJmY2EwMDE5ZDFhNGQ0YTVhOWVmMjMyNWJkNjNhMjRjYSIsInVzZXJfaWQiOjF9.H3iUJn_yC4YpXHA-kEhx35kD4FytDR95BRnGk6XBEZ4	2024-10-05 10:21:59.222874+00	2024-10-10 10:21:59+00	1	fca0019d1a4d4a5a9ef2325bd63a24ca
111	eyJhbGciOiJIUzI1NiIsInR5cCI6IkpXVCJ9.eyJ0b2tlbl90eXBlIjoicmVmcmVzaCIsImV4cCI6MTcyODU1NjI0MSwiaWF0IjoxNzI4MTI0MjQxLCJqdGkiOiJmZjE0ZGJjYzU1N2Y0NGE5OTA4Y2MyZTExZTdlNTdjMyIsInVzZXJfaWQiOjF9.Y7ZkPkKLrEUgYY7jq2vwwalgJOQipuRLduEd1Rju96E	2024-10-05 10:30:41.492534+00	2024-10-10 10:30:41+00	1	ff14dbcc557f44a9908cc2e11e7e57c3
112	eyJhbGciOiJIUzI1NiIsInR5cCI6IkpXVCJ9.eyJ0b2tlbl90eXBlIjoicmVmcmVzaCIsImV4cCI6MTcyODU1NjM0NiwiaWF0IjoxNzI4MTI0MzQ2LCJqdGkiOiI4YzdkMDMwOWI5MTE0ZjYzYTRkMDcwZjlmZjBhOTIxOCIsInVzZXJfaWQiOjF9.OPAyieFDUy57izC_DrmsPV-QTiMxaxOR7_l6hPAssII	2024-10-05 10:32:26.879142+00	2024-10-10 10:32:26+00	1	8c7d0309b9114f63a4d070f9ff0a9218
113	eyJhbGciOiJIUzI1NiIsInR5cCI6IkpXVCJ9.eyJ0b2tlbl90eXBlIjoicmVmcmVzaCIsImV4cCI6MTcyODU1ODg0NiwiaWF0IjoxNzI4MTI2ODQ2LCJqdGkiOiI1YzZkYjQwYzRjNjc0NjAyYWQ3YTcwMzRkZGFjYzgwNyIsInVzZXJfaWQiOjJ9.c52_hb5xoPR4cvnwE5XNGwEGClz8BH-csSjQjWbvk3w	2024-10-05 11:14:06.629352+00	2024-10-10 11:14:06+00	2	5c6db40c4c674602ad7a7034ddacc807
114	eyJhbGciOiJIUzI1NiIsInR5cCI6IkpXVCJ9.eyJ0b2tlbl90eXBlIjoicmVmcmVzaCIsImV4cCI6MTcyODU1OTk2MCwiaWF0IjoxNzI4MTI3OTYwLCJqdGkiOiJiYzkzNjVjMjljMGM0ODRhYmJhZWY3MTRkYTA0Y2VhYyIsInVzZXJfaWQiOjJ9.AUDWNQt_2hZ6nUa3KVUg771U1xjT7KaDaGNiBohh_8U	2024-10-05 11:32:40.366171+00	2024-10-10 11:32:40+00	2	bc9365c29c0c484abbaef714da04ceac
115	eyJhbGciOiJIUzI1NiIsInR5cCI6IkpXVCJ9.eyJ0b2tlbl90eXBlIjoicmVmcmVzaCIsImV4cCI6MTcyODU2MDAxMywiaWF0IjoxNzI4MTI4MDEzLCJqdGkiOiJlMjU1NDBhOTAxYTA0YWQ4YjFjZDBiNDI0NDkyYTdiMSIsInVzZXJfaWQiOjF9.pZx3Iw_1KUeqlhAf7M7MyHYCm1by7CqW4HwKlc9Qfts	2024-10-05 11:33:33.328236+00	2024-10-10 11:33:33+00	1	e25540a901a04ad8b1cd0b424492a7b1
116	eyJhbGciOiJIUzI1NiIsInR5cCI6IkpXVCJ9.eyJ0b2tlbl90eXBlIjoicmVmcmVzaCIsImV4cCI6MTcyODU2MDEyNCwiaWF0IjoxNzI4MTI4MTI0LCJqdGkiOiJiZmIyYTBkN2UzN2I0N2E1YjU3ZTJmNzA1ZGQxNmRiNiIsInVzZXJfaWQiOjF9.obIGq-WkRhNkJmjQcMDz8Ehwx0BsZLgK3cJKyiAgh4s	2024-10-05 11:35:24.782006+00	2024-10-10 11:35:24+00	1	bfb2a0d7e37b47a5b57e2f705dd16db6
117	eyJhbGciOiJIUzI1NiIsInR5cCI6IkpXVCJ9.eyJ0b2tlbl90eXBlIjoicmVmcmVzaCIsImV4cCI6MTcyODU2MDg2MiwiaWF0IjoxNzI4MTI4ODYyLCJqdGkiOiJjMWQ3Y2Q4NjFlYjM0ZTA5YTg2NjAwNmYyNGEwYTAwMiIsInVzZXJfaWQiOjJ9.4FSkvQs8Q6-cSkGfeOum4uhgK4hvUVGy3Bn_Q-vcQWM	2024-10-05 11:47:42.156654+00	2024-10-10 11:47:42+00	2	c1d7cd861eb34e09a866006f24a0a002
118	eyJhbGciOiJIUzI1NiIsInR5cCI6IkpXVCJ9.eyJ0b2tlbl90eXBlIjoicmVmcmVzaCIsImV4cCI6MTcyODU2NDg4MSwiaWF0IjoxNzI4MTMyODgxLCJqdGkiOiI1MzRhYmVjNjFiNzU0NzYzYjFlZTg4MmY0OWVhZjZjZiIsInVzZXJfaWQiOjJ9.ghbXe4yMROzncQT4Px-5cLLUw-BYnP1Zi6GxJds8ZwM	2024-10-05 12:54:41.294754+00	2024-10-10 12:54:41+00	2	534abec61b754763b1ee882f49eaf6cf
119	eyJhbGciOiJIUzI1NiIsInR5cCI6IkpXVCJ9.eyJ0b2tlbl90eXBlIjoicmVmcmVzaCIsImV4cCI6MTcyODU2NjMwNiwiaWF0IjoxNzI4MTM0MzA2LCJqdGkiOiIxMjY3MTIzMzQ2ZmI0MDljYjZhZDMzNWU1OWQyYjdkOSIsInVzZXJfaWQiOjF9.hDazDdtVsHBEVkoKz5BflnCrX2lEh-W-XW4-_cuJjVQ	2024-10-05 13:18:26.152939+00	2024-10-10 13:18:26+00	1	1267123346fb409cb6ad335e59d2b7d9
120	eyJhbGciOiJIUzI1NiIsInR5cCI6IkpXVCJ9.eyJ0b2tlbl90eXBlIjoicmVmcmVzaCIsImV4cCI6MTcyODU2OTEwOSwiaWF0IjoxNzI4MTM3MTA5LCJqdGkiOiIwNjgwNjc5ZTFkNDI0ZGIxODVjYTFiNjU4ZGVlMzA3MSIsInVzZXJfaWQiOjJ9.9PPcGbeOUlcnxQlmeqeSWaV2SOSkK3hWhQ-nalKe9Eo	2024-10-05 14:05:09.845073+00	2024-10-10 14:05:09+00	2	0680679e1d424db185ca1b658dee3071
121	eyJhbGciOiJIUzI1NiIsInR5cCI6IkpXVCJ9.eyJ0b2tlbl90eXBlIjoicmVmcmVzaCIsImV4cCI6MTcyODU2OTkyMywiaWF0IjoxNzI4MTM3OTIzLCJqdGkiOiI2ODYwYzI1NTFkNGU0OWU2OWFkYzg1NGY4MGNmNzlmNiIsInVzZXJfaWQiOjF9.n2THSoJeXmcHDMJEb107ZiCR0ui-ER6UvOzjD_vBNGM	2024-10-05 14:18:43.927305+00	2024-10-10 14:18:43+00	1	6860c2551d4e49e69adc854f80cf79f6
122	eyJhbGciOiJIUzI1NiIsInR5cCI6IkpXVCJ9.eyJ0b2tlbl90eXBlIjoicmVmcmVzaCIsImV4cCI6MTcyODU3MDQ0NiwiaWF0IjoxNzI4MTM4NDQ2LCJqdGkiOiJjM2NhNWY1NGQzMTE0NDg4YmY2NmI0MWUxMmI3ZTdmNCIsInVzZXJfaWQiOjF9.jLWY7kKN90UR-V-jJ3UO7T1FKd1CwANV8AKAwMid8cw	2024-10-05 14:27:26.005218+00	2024-10-10 14:27:26+00	1	c3ca5f54d3114488bf66b41e12b7e7f4
123	eyJhbGciOiJIUzI1NiIsInR5cCI6IkpXVCJ9.eyJ0b2tlbl90eXBlIjoicmVmcmVzaCIsImV4cCI6MTcyODcxMTM5NiwiaWF0IjoxNzI4Mjc5Mzk2LCJqdGkiOiJhOWZhZDA0OGNiOTU0MmQwYTY1YzkyMmVlZjhjMzdmMiIsInVzZXJfaWQiOjN9.fV1gfJOcXsEzqvcJYGSOSRDcA19y5v9cS9cpffgtX8s	2024-10-07 05:36:36.838347+00	2024-10-12 05:36:36+00	3	a9fad048cb9542d0a65c922eef8c37f2
124	eyJhbGciOiJIUzI1NiIsInR5cCI6IkpXVCJ9.eyJ0b2tlbl90eXBlIjoicmVmcmVzaCIsImV4cCI6MTcyODcxMTQzNCwiaWF0IjoxNzI4Mjc5NDM0LCJqdGkiOiI2MDgxN2FmMjNmNDk0MzVlYmNjZDFjZDYxZGUzZTYzOSIsInVzZXJfaWQiOjJ9.MfviGsqVfocVwcxcnqkN2iKseJfiMvV41noTemtjdwU	2024-10-07 05:37:14.007305+00	2024-10-12 05:37:14+00	2	60817af23f49435ebccd1cd61de3e639
125	eyJhbGciOiJIUzI1NiIsInR5cCI6IkpXVCJ9.eyJ0b2tlbl90eXBlIjoicmVmcmVzaCIsImV4cCI6MTcyODcxMTQ2NiwiaWF0IjoxNzI4Mjc5NDY2LCJqdGkiOiIwMjlmYzk5NzM5ODE0ZTViYmM2MjM1MWE0OTQ1ZDBjOCIsInVzZXJfaWQiOjN9.XsTmKj6pmyjRfO3X1_CYgwAZKGibS3GCdENh1dtJhac	2024-10-07 05:37:46.878168+00	2024-10-12 05:37:46+00	3	029fc99739814e5bbc62351a4945d0c8
126	eyJhbGciOiJIUzI1NiIsInR5cCI6IkpXVCJ9.eyJ0b2tlbl90eXBlIjoicmVmcmVzaCIsImV4cCI6MTcyODcxNTgwMywiaWF0IjoxNzI4MjgzODAzLCJqdGkiOiI1N2VjYmI3YTc3Zjc0MzE4YTYwMWIwNDU4NjQwYzViNSIsInVzZXJfaWQiOjZ9.RtiMWN-MVdyjzmCcr5Vk35NXjlvjh_5fDa8taPIYDeQ	2024-10-07 06:50:03.920628+00	2024-10-12 06:50:03+00	6	57ecbb7a77f74318a601b0458640c5b5
127	eyJhbGciOiJIUzI1NiIsInR5cCI6IkpXVCJ9.eyJ0b2tlbl90eXBlIjoicmVmcmVzaCIsImV4cCI6MTcyODcxNjM0OSwiaWF0IjoxNzI4Mjg0MzQ5LCJqdGkiOiJkZTBhYWMzNDcyZjI0MGQ5ODQyMjUxMjgyMDZlMGE0ZiIsInVzZXJfaWQiOjN9.dedsvYAQIKcEWti9y4kKdBQsVlYV_PwenDYyZRLzBzs	2024-10-07 06:59:09.6745+00	2024-10-12 06:59:09+00	3	de0aac3472f240d984225128206e0a4f
128	eyJhbGciOiJIUzI1NiIsInR5cCI6IkpXVCJ9.eyJ0b2tlbl90eXBlIjoicmVmcmVzaCIsImV4cCI6MTcyODcxNzE0MCwiaWF0IjoxNzI4Mjg1MTQwLCJqdGkiOiJiYjYyNWVjODMyYjE0MTgxYjUwNmZkZDU1MmZjMjY5MSIsInVzZXJfaWQiOjZ9.ochG0_8fNikjDbAormVHbb0bT8Bmu37OofmULK_m8CU	2024-10-07 07:12:20.142413+00	2024-10-12 07:12:20+00	6	bb625ec832b14181b506fdd552fc2691
129	eyJhbGciOiJIUzI1NiIsInR5cCI6IkpXVCJ9.eyJ0b2tlbl90eXBlIjoicmVmcmVzaCIsImV4cCI6MTcyODcxOTczMiwiaWF0IjoxNzI4Mjg3NzMyLCJqdGkiOiI2Y2RlNmY3YzVkYzk0MWVlOTVmN2M3OWRmYWRhZDIxNCIsInVzZXJfaWQiOjN9.9YVx5gunsUQoqwAglflHMokXDCfwmRopnBsZOhPo56o	2024-10-07 07:55:32.533578+00	2024-10-12 07:55:32+00	3	6cde6f7c5dc941ee95f7c79dfadad214
130	eyJhbGciOiJIUzI1NiIsInR5cCI6IkpXVCJ9.eyJ0b2tlbl90eXBlIjoicmVmcmVzaCIsImV4cCI6MTcyODcyNTI2NywiaWF0IjoxNzI4MjkzMjY3LCJqdGkiOiI0YzcyMzQxYTI3MzU0MGI2OWFjNTFlZDQ1ODYyZWJiMSIsInVzZXJfaWQiOjZ9.nKzCgKtLQdSaiYBUFDzPSIVhTOY6a1qj3D33DOklqR0	2024-10-07 09:27:47.803552+00	2024-10-12 09:27:47+00	6	4c72341a273540b69ac51ed45862ebb1
131	eyJhbGciOiJIUzI1NiIsInR5cCI6IkpXVCJ9.eyJ0b2tlbl90eXBlIjoicmVmcmVzaCIsImV4cCI6MTcyODcyOTI1NywiaWF0IjoxNzI4Mjk3MjU3LCJqdGkiOiI4MWQzZjA3YjJlMjM0YWY5OTM5NmViOTIzNTVhMTliMiIsInVzZXJfaWQiOjN9.ZU7kIHWHJESljsZiyRPEu_z8LM957HPzO0yue4IgiIc	2024-10-07 10:34:17.117152+00	2024-10-12 10:34:17+00	3	81d3f07b2e234af99396eb92355a19b2
132	eyJhbGciOiJIUzI1NiIsInR5cCI6IkpXVCJ9.eyJ0b2tlbl90eXBlIjoicmVmcmVzaCIsImV4cCI6MTcyODcyOTM5NiwiaWF0IjoxNzI4Mjk3Mzk2LCJqdGkiOiJjZjA2OTk1MDE1YTk0NjM1YTBlM2ViMmE2ZTNiNzQyOCIsInVzZXJfaWQiOjZ9.JsO5HljjwtOrbcoJ0FjQWYWvtFcp_n0ks4qPNTHUnRE	2024-10-07 10:36:36.35337+00	2024-10-12 10:36:36+00	6	cf06995015a94635a0e3eb2a6e3b7428
133	eyJhbGciOiJIUzI1NiIsInR5cCI6IkpXVCJ9.eyJ0b2tlbl90eXBlIjoicmVmcmVzaCIsImV4cCI6MTcyODcyOTk5MiwiaWF0IjoxNzI4Mjk3OTkyLCJqdGkiOiI4ZWUzNGRkYzQzNzk0ZmFiYjM1NWMzNzYzMzYyNjU4ZiIsInVzZXJfaWQiOjN9.fMRpt7RnzH1Qfkzpi5sifRoHY-R0xd2to7lPHT4Y0Pw	2024-10-07 10:46:32.331469+00	2024-10-12 10:46:32+00	3	8ee34ddc43794fabb355c3763362658f
134	eyJhbGciOiJIUzI1NiIsInR5cCI6IkpXVCJ9.eyJ0b2tlbl90eXBlIjoicmVmcmVzaCIsImV4cCI6MTcyODczMDA5NywiaWF0IjoxNzI4Mjk4MDk3LCJqdGkiOiIwZTkyNTFlMWY5NTU0NTQ3YTExZDZlZmE3ODA0ZjE2NyIsInVzZXJfaWQiOjN9.5Fte-YvfERYpL8rgCIKznhaYkB_-8ACAe5jmY8QQay0	2024-10-07 10:48:17.002151+00	2024-10-12 10:48:17+00	3	0e9251e1f9554547a11d6efa7804f167
135	eyJhbGciOiJIUzI1NiIsInR5cCI6IkpXVCJ9.eyJ0b2tlbl90eXBlIjoicmVmcmVzaCIsImV4cCI6MTcyODczMTA5OCwiaWF0IjoxNzI4Mjk5MDk4LCJqdGkiOiIyMjdlODkyNzhkMmQ0ZTViODM0OGIzZjI3M2QzYWZlNiIsInVzZXJfaWQiOjN9.RsPOUttfCMzX5fNbGlpM3nt7gNocnEueG9BO27BzV-c	2024-10-07 11:04:58.762874+00	2024-10-12 11:04:58+00	3	227e89278d2d4e5b8348b3f273d3afe6
136	eyJhbGciOiJIUzI1NiIsInR5cCI6IkpXVCJ9.eyJ0b2tlbl90eXBlIjoicmVmcmVzaCIsImV4cCI6MTcyODczMjc1OCwiaWF0IjoxNzI4MzAwNzU4LCJqdGkiOiJlNTA3ZTNlZWI5Mzk0OTMyODdhNDA3MjY5NzVjMTI0OSIsInVzZXJfaWQiOjZ9.rZyQbMEL8YWtB6ytAau6X-7XlenQ18AjFVD7KLfDk2g	2024-10-07 11:32:38.465771+00	2024-10-12 11:32:38+00	6	e507e3eeb939493287a40726975c1249
137	eyJhbGciOiJIUzI1NiIsInR5cCI6IkpXVCJ9.eyJ0b2tlbl90eXBlIjoicmVmcmVzaCIsImV4cCI6MTcyODczMzU4OSwiaWF0IjoxNzI4MzAxNTg5LCJqdGkiOiJhNzhjMjFhNmZhODk0MzMwOTJmYjJjNDZjODhmODQ0MSIsInVzZXJfaWQiOjZ9.SvVm4KQXCvtHOCi76DT-9BFrlx0Ky46cJc8Z0ZkIpts	2024-10-07 11:46:29.846087+00	2024-10-12 11:46:29+00	6	a78c21a6fa89433092fb2c46c88f8441
138	eyJhbGciOiJIUzI1NiIsInR5cCI6IkpXVCJ9.eyJ0b2tlbl90eXBlIjoicmVmcmVzaCIsImV4cCI6MTcyODczMzgyOSwiaWF0IjoxNzI4MzAxODI5LCJqdGkiOiJiYzNjOTM4YTU0NmQ0YjY4YWFiMmY5ZTQzNjIxOTU4YSIsInVzZXJfaWQiOjJ9.xSSoy2jq945h4YhXY8Q6xE9tUkb0CA56TvwY6aoUCc4	2024-10-07 11:50:29.694173+00	2024-10-12 11:50:29+00	2	bc3c938a546d4b68aab2f9e43621958a
139	eyJhbGciOiJIUzI1NiIsInR5cCI6IkpXVCJ9.eyJ0b2tlbl90eXBlIjoicmVmcmVzaCIsImV4cCI6MTcyODczNDIwNCwiaWF0IjoxNzI4MzAyMjA0LCJqdGkiOiJlMjJjMTcxNzNjYmQ0NmQyYThmZjRkZjM5NDc1NjUyOSIsInVzZXJfaWQiOjJ9.afRq206FcGLN3DOVsgeFloHSS_45PY3sTBHzq6TLRpY	2024-10-07 11:56:44.578236+00	2024-10-12 11:56:44+00	2	e22c17173cbd46d2a8ff4df394756529
140	eyJhbGciOiJIUzI1NiIsInR5cCI6IkpXVCJ9.eyJ0b2tlbl90eXBlIjoicmVmcmVzaCIsImV4cCI6MTcyODczNTA3MiwiaWF0IjoxNzI4MzAzMDcyLCJqdGkiOiJhZTYyNTcyMjZlMGQ0ODUzYjNmNGY2ZjUzMTBlM2UxNiIsInVzZXJfaWQiOjZ9.ncnWilNx0bhP85-lflaXPZGfyMzqbgC8pN-81J-LiII	2024-10-07 12:11:12.046131+00	2024-10-12 12:11:12+00	6	ae6257226e0d4853b3f4f6f5310e3e16
141	eyJhbGciOiJIUzI1NiIsInR5cCI6IkpXVCJ9.eyJ0b2tlbl90eXBlIjoicmVmcmVzaCIsImV4cCI6MTcyODczNTI1OSwiaWF0IjoxNzI4MzAzMjU5LCJqdGkiOiJiM2U2MTE1NWFhZTk0ZmUzYTBiMDhmMTk4OTJjNDAwOSIsInVzZXJfaWQiOjZ9.Npb6_nBLqAQ1FtFmQ_qmEhhLRmQFQBGftefdWakWGUs	2024-10-07 12:14:19.027292+00	2024-10-12 12:14:19+00	6	b3e61155aae94fe3a0b08f19892c4009
142	eyJhbGciOiJIUzI1NiIsInR5cCI6IkpXVCJ9.eyJ0b2tlbl90eXBlIjoicmVmcmVzaCIsImV4cCI6MTcyODczNTMzMiwiaWF0IjoxNzI4MzAzMzMyLCJqdGkiOiI0NTVlODI3NjVkZTA0ZTIyYjllZTYyMzIzNmU1ZTkyZCIsInVzZXJfaWQiOjJ9.yYwD0YY9BUwYmMCMi2WtJo7lesWZSiyfWUmgvuc1X7w	2024-10-07 12:15:32.4638+00	2024-10-12 12:15:32+00	2	455e82765de04e22b9ee623236e5e92d
143	eyJhbGciOiJIUzI1NiIsInR5cCI6IkpXVCJ9.eyJ0b2tlbl90eXBlIjoicmVmcmVzaCIsImV4cCI6MTcyODczNTM3MSwiaWF0IjoxNzI4MzAzMzcxLCJqdGkiOiIxZTI5YzIzMGU1Zjg0YTRmOTg4MjkxN2JiZTRhNTNmNyIsInVzZXJfaWQiOjZ9.BI7mTEnBeRfRwuiO7e9rFvM71z9CLXO3Ip66hEv9cD4	2024-10-07 12:16:11.459941+00	2024-10-12 12:16:11+00	6	1e29c230e5f84a4f9882917bbe4a53f7
144	eyJhbGciOiJIUzI1NiIsInR5cCI6IkpXVCJ9.eyJ0b2tlbl90eXBlIjoicmVmcmVzaCIsImV4cCI6MTcyODczODQ5NSwiaWF0IjoxNzI4MzA2NDk1LCJqdGkiOiI0NzQ3OTk0OGIzODc0MWUxYWQ4ODk1OTQ1ZDA0ZmEzNCIsInVzZXJfaWQiOjJ9.Z5tM31OGoc7qjMDUTMUb-SlxfrEfswKKbAOWnQVjNso	2024-10-07 13:08:15.239883+00	2024-10-12 13:08:15+00	2	47479948b38741e1ad8895945d04fa34
145	eyJhbGciOiJIUzI1NiIsInR5cCI6IkpXVCJ9.eyJ0b2tlbl90eXBlIjoicmVmcmVzaCIsImV4cCI6MTcyODczODc3OCwiaWF0IjoxNzI4MzA2Nzc4LCJqdGkiOiIwZWZlOWIyYTk5YzA0ZGU2YTdkMWJlNmNkMTc4YTBjMiIsInVzZXJfaWQiOjJ9.iTh0_lAmcxTyv-JpFq9vGk5Ps3efSfRM_KX0IZL-c78	2024-10-07 13:12:58.560148+00	2024-10-12 13:12:58+00	2	0efe9b2a99c04de6a7d1be6cd178a0c2
146	eyJhbGciOiJIUzI1NiIsInR5cCI6IkpXVCJ9.eyJ0b2tlbl90eXBlIjoicmVmcmVzaCIsImV4cCI6MTcyODc5ODM0OSwiaWF0IjoxNzI4MzY2MzQ5LCJqdGkiOiI1MWU5ODBkZDc4NzY0NjZkOTQ3NDc2YjM2ZDljMzlhYyIsInVzZXJfaWQiOjN9.ImUvoxGYWoQsGyJbFpyB4m59aYGy_1vsBXBCehx-8kg	2024-10-08 05:45:49.310701+00	2024-10-13 05:45:49+00	3	51e980dd7876466d947476b36d9c39ac
147	eyJhbGciOiJIUzI1NiIsInR5cCI6IkpXVCJ9.eyJ0b2tlbl90eXBlIjoicmVmcmVzaCIsImV4cCI6MTcyODc5ODM1OSwiaWF0IjoxNzI4MzY2MzU5LCJqdGkiOiI4OGVlMzhkZmUwNTU0YmI4YTRiMTU1MzBiZDBjYWJiOCIsInVzZXJfaWQiOjZ9.EFfkKwF_FaIQVGcWAi3zT3SACdNnvMtdU1lnVWGLAVY	2024-10-08 05:45:59.663446+00	2024-10-13 05:45:59+00	6	88ee38dfe0554bb8a4b15530bd0cabb8
148	eyJhbGciOiJIUzI1NiIsInR5cCI6IkpXVCJ9.eyJ0b2tlbl90eXBlIjoicmVmcmVzaCIsImV4cCI6MTcyODgwMjA2MiwiaWF0IjoxNzI4MzcwMDYyLCJqdGkiOiI5MmRiN2MyZWQzM2Q0OWY2YWFiZDM5MDNjNGZmMTFjOCIsInVzZXJfaWQiOjZ9.7YHZcfGcMUzeeI0XFI6rmXaFlQlNE68u2Kg6EvQkOUI	2024-10-08 06:47:42.485517+00	2024-10-13 06:47:42+00	6	92db7c2ed33d49f6aabd3903c4ff11c8
149	eyJhbGciOiJIUzI1NiIsInR5cCI6IkpXVCJ9.eyJ0b2tlbl90eXBlIjoicmVmcmVzaCIsImV4cCI6MTcyODgxMTg5OCwiaWF0IjoxNzI4Mzc5ODk4LCJqdGkiOiI5Njg2YTc2NjA0ODI0MjE2YjQ3Yzg5Mjg3NDI2YjhjNyIsInVzZXJfaWQiOjZ9.NhVZ-JD9pJqltsUirDcxgYmmyNn-5k04ZqgtY2Ga4k8	2024-10-08 09:31:38.174841+00	2024-10-13 09:31:38+00	6	9686a76604824216b47c89287426b8c7
150	eyJhbGciOiJIUzI1NiIsInR5cCI6IkpXVCJ9.eyJ0b2tlbl90eXBlIjoicmVmcmVzaCIsImV4cCI6MTcyODgyMDQzMCwiaWF0IjoxNzI4Mzg4NDMwLCJqdGkiOiJhYzlhMGZkMjU2MTg0ZmI4YjQ4YTFjNjdjMjE3Yjk5OSIsInVzZXJfaWQiOjN9.Dx-5v8nMN_0DD1cSjFK5pIUk-m2UdONSymM0Y429b7M	2024-10-08 11:53:50.993112+00	2024-10-13 11:53:50+00	3	ac9a0fd256184fb8b48a1c67c217b999
151	eyJhbGciOiJIUzI1NiIsInR5cCI6IkpXVCJ9.eyJ0b2tlbl90eXBlIjoicmVmcmVzaCIsImV4cCI6MTcyODgyNTA2NSwiaWF0IjoxNzI4MzkzMDY1LCJqdGkiOiI5ZmUzY2Y0NDNhNGM0MzY2YTU3ZWZlZDk0NWE3ZDlkMyIsInVzZXJfaWQiOjZ9.nC0E_JLYQ316sQmr3K0tc7KaFzR5X7sbB39l-d6YG4g	2024-10-08 13:11:05.101735+00	2024-10-13 13:11:05+00	6	9fe3cf443a4c4366a57efed945a7d9d3
152	eyJhbGciOiJIUzI1NiIsInR5cCI6IkpXVCJ9.eyJ0b2tlbl90eXBlIjoicmVmcmVzaCIsImV4cCI6MTcyODgyNTI1MywiaWF0IjoxNzI4MzkzMjUzLCJqdGkiOiJmYWJkMjViMGZiY2E0MDMxYWIxZjdiNGNhYWY1Y2QyNSIsInVzZXJfaWQiOjF9.hB7VxIKH1sNq7q84-7WzIzAUfFT-iQ3HZm9HkmXjXpg	2024-10-08 13:14:13.483391+00	2024-10-13 13:14:13+00	1	fabd25b0fbca4031ab1f7b4caaf5cd25
153	eyJhbGciOiJIUzI1NiIsInR5cCI6IkpXVCJ9.eyJ0b2tlbl90eXBlIjoicmVmcmVzaCIsImV4cCI6MTcyODgyNTUxMSwiaWF0IjoxNzI4MzkzNTExLCJqdGkiOiIzMzY2ODkyNGMyYzA0YTBlYTEwOWNkYjVmYTg0MzQ1OCIsInVzZXJfaWQiOjF9.GwUWk1jnm3ova8nJWAoGBPen1eaieWeHIbxTBcT2fe8	2024-10-08 13:18:31.799999+00	2024-10-13 13:18:31+00	1	33668924c2c04a0ea109cdb5fa843458
\.


--
-- Data for Name: user_calendar; Type: TABLE DATA; Schema: public; Owner: ht_med_crm
--

COPY public.user_calendar (id, created_at, updated_at, date, title, status, is_approved, customer_id, seller_id) FROM stdin;
1	2024-09-26 06:59:42.891973+00	2024-09-26 06:59:42.892+00	2024-09-26 06:59:32+00	m	t	t	1	1
2	2024-09-30 11:39:00.720571+00	2024-09-30 11:39:00.720594+00	2024-10-01 11:38:37+00	qwerth	f	t	1	1
3	2024-10-02 06:09:55.067866+00	2024-10-02 06:09:55.067896+00	2024-10-25 19:00:00+00	Assallomu Aleykum yaxshimisiz	t	f	2	3
4	2024-10-03 06:38:41.444186+00	2024-10-03 06:38:41.444202+00	2024-10-10 19:00:00+00	Test	t	f	3	1
\.


--
-- Data for Name: user_comment; Type: TABLE DATA; Schema: public; Owner: ht_med_crm
--

COPY public.user_comment (id, created_at, updated_at, status, text, audio, video, customer_id, seller_id) FROM stdin;
11	2024-09-27 12:59:48.374271+00	2024-09-27 12:59:48.374298+00	t	Kelasi haftaga uchrashuv belgilandi🫠😇			1	3
12	2024-09-27 13:00:29.948965+00	2024-09-27 13:00:49.00032+00	t	Kelasi haftaga uchrashuv😱			1	3
5	2024-09-27 09:58:07.361534+00	2024-09-27 13:50:42.118419+00	t	Kelasi haftaga uchrashuv belgilandi 🥲1			1	3
15	2024-09-28 05:03:53.115329+00	2024-09-28 05:03:53.115351+00	t	hihihi			1	1
16	2024-09-28 05:21:12.321771+00	2024-09-28 05:21:12.321793+00	t	nimagap			1	2
18	2024-09-28 05:21:23.392648+00	2024-09-28 05:21:23.392669+00	t	qqqqqq			1	3
21	2024-09-28 05:22:52.673903+00	2024-09-28 06:20:51.004639+00	t	<p>nimadirlar 😄</p>	comments_audio/leyla-yor-yor_uzhits.net.mp3		1	2
6	2024-09-27 10:08:50.997686+00	2024-09-28 07:52:04.320404+00	t	Kelasi haftaga uchrashuv belgilandi😇😁			1	3
13	2024-09-27 13:28:56.931754+00	2024-09-28 08:47:55.923518+00	t	dsfdsf	comments_audio/leyla-yor-yor_uzhits.net_tj0sLiT.mp3		1	3
20	2024-09-28 05:22:36.780428+00	2024-10-01 07:24:26.667561+00	t	nimadirlar😙🫢. 😆			1	2
22	2024-10-01 07:24:38.078944+00	2024-10-01 07:24:38.078986+00	t	nima gap			1	2
23	2024-10-01 07:24:49.329129+00	2024-10-01 07:24:49.329152+00	t	axasdxsad			1	2
24	2024-10-02 06:09:55.069341+00	2024-10-02 06:09:55.069363+00	t	Assallomu Aleykum yaxshimisiz			2	3
25	2024-10-02 08:11:48.020691+00	2024-10-02 08:11:48.020712+00	t	yaxshi			2	2
26	2024-10-03 06:38:41.445238+00	2024-10-03 06:38:41.445252+00	t	Test			3	1
27	2024-10-05 06:50:46.18733+00	2024-10-05 06:50:46.187353+00	t	fghfgh			3	2
28	2024-10-05 06:50:54.901696+00	2024-10-05 06:50:54.901734+00	t	fghjghjghj			3	2
29	2024-10-05 06:51:03.270279+00	2024-10-05 06:51:03.2703+00	t	dfgdfgdfgf			3	2
19	2024-09-28 05:21:25.016873+00	2024-10-05 06:51:50.399319+00	t	the soff news 54			1	2
30	2024-10-05 06:51:58.870045+00	2024-10-05 06:51:58.870068+00	t	fghfghfg			2	2
31	2024-10-05 06:52:13.951633+00	2024-10-05 06:52:13.951655+00	t	nimadir 2222			2	2
33	2024-10-05 09:24:53.454082+00	2024-10-05 09:24:53.454106+00	t	лдололдл			3	1
34	2024-10-05 10:17:59.096345+00	2024-10-05 10:17:59.096373+00	t	men			3	2
35	2024-10-05 10:18:48.053142+00	2024-10-05 10:18:48.053164+00	t	mne			3	2
36	2024-10-05 10:19:37.785079+00	2024-10-05 10:19:37.785104+00	t	😀😀			3	2
37	2024-10-05 10:22:02.719857+00	2024-10-05 10:22:02.719877+00	t	mnw			3	2
38	2024-10-05 10:22:29.514019+00	2024-10-05 10:22:29.514063+00	t	😍😍😍😍😍			3	2
39	2024-10-05 11:29:29.568344+00	2024-10-05 11:29:29.568397+00	t	deewf			3	2
40	2024-10-05 14:20:56.000961+00	2024-10-05 14:20:56.000993+00	t	aaa			4	1
41	2024-10-05 15:00:42.341336+00	2024-10-05 15:00:42.341375+00	t	9999			3	2
42	2024-10-07 07:32:49.785772+00	2024-10-07 07:32:49.785834+00	t	;l';			4	5
43	2024-10-07 07:33:43.426881+00	2024-10-07 07:33:43.426915+00	t	6565			4	5
44	2024-10-07 12:18:26.848883+00	2024-10-07 12:18:26.848921+00	t	jdfklgdf			5	5
\.


--
-- Data for Name: user_confirmsale; Type: TABLE DATA; Schema: public; Owner: ht_med_crm
--

COPY public.user_confirmsale (id, created_at, updated_at, seller_percentage, customer_id) FROM stdin;
\.


--
-- Data for Name: user_notifications; Type: TABLE DATA; Schema: public; Owner: ht_med_crm
--

COPY public.user_notifications (id, created_at, updated_at, title, text, is_read, link, seller_id) FROM stdin;
1	2024-09-25 10:44:47.283515+00	2024-09-25 10:54:00.896434+00	title	gergegreg	f	\N	2
\.


--
-- Data for Name: user_page; Type: TABLE DATA; Schema: public; Owner: ht_med_crm
--

COPY public.user_page (id, created_at, updated_at, name) FROM stdin;
1	2024-09-25 09:51:06.606523+00	2024-09-25 09:51:06.60656+00	main_base
2	2024-10-07 10:38:24.204637+00	2024-10-07 10:38:24.204659+00	allow_record
\.


--
-- Data for Name: user_seller; Type: TABLE DATA; Schema: public; Owner: ht_med_crm
--

COPY public.user_seller (id, created_at, updated_at, phone, full_name, address, image, registered_address, pinfl, passport_img, location_type, status, personal_phone, user_id) FROM stdin;
1	2024-09-25 09:55:36.757615+00	2024-09-25 09:55:36.75765+00	+998949290054	fayoz turaqulov	uzbekistan/tashkent	seller_images/Registan-Square-Samarkand-1_xHeIuLn.webp	registered_address/Registan-Square-Samarkand-1_Xo0CaZp.webp	pinfl/Registan-Square-Samarkand-1_cW1XRaV.webp	passport_images/Registan-Square-Samarkand-1_nSypplR.webp	offline	active	+998949290054	2
5	2024-09-30 07:44:42.844814+00	2024-09-30 07:44:42.844832+00	+998933333333	addad	Toshkent shahar		registered_address/0a3c28219fc74e499f3256ad77d94a55.jpg	pinfl/0a20ecfcafde4344b5c84a593f6ee6ed.jpg	passport_images/0e9b9750228b421aafe324f6f9b36304_lFCU5i9.jpg	offline	active	+998933333333	6
6	2024-10-07 09:31:59.918026+00	2024-10-07 09:31:59.918051+00	+998999999999	Muxammadiyev  Alisher	Toshkent shahri	seller_images/04.webp	registered_address/1df60e151e7940059d2949c313bccb84.jpg	pinfl/4e95e8c4956941099aa132a86b0086db.jpg	passport_images/2bb3160bbb234b93b2210ff505090e87.jpg	offline	active	+998933333333	8
3	2024-09-25 10:15:42.200108+00	2024-10-07 09:33:20.893618+00	+998931023042	Ozodbek Abdisamatov	Toshkent viloyati, Chilonzor tumani	seller_images/04_D2Bv3Zn.webp	registered_address/3ac851d95c86433b8fcc50600c917036.jpg	pinfl/1c026df89da0490bbe2a7afc5a99195a.jpg	passport_images/0db1b9f735034ad9927e5544d4c2f916_Xxz6rWC.jpg	offline	active	+998931023042	3
4	2024-09-25 11:23:44.056553+00	2024-10-07 09:48:36.680617+00	+998934482881	Akramov Sarvar	toshkent	seller_images/02.webp	registered_address/photo_2023-10-30_19-22-14.jpg	pinfl/photo_2023-10-30_19-22-14.jpg	passport_images/photo_2023-10-30_19-22-14.jpg	offline	active	+998934482881	4
7	2024-10-07 10:26:48.826789+00	2024-10-07 10:26:48.826814+00	+998949899999	1	1	seller_images/Screenshot_2024-04-07_150707.png	registered_address/Registan-Square-Samarkand-1_nN78hY2.webp	pinfl/Registan-Square-Samarkand-1_MIUJfD9.webp	passport_images/Registan-Square-Samarkand-1_4TApmaB.webp	offline	active	+998949290053	9
8	2024-10-07 11:59:23.831986+00	2024-10-07 11:59:23.83201+00	+998949290011	Shamuratov Alisher	Tashkent Yakkasaroy		registered_address/Screenshot_2024-10-07_at_16.56.29.png	pinfl/Screenshot_2024-10-07_at_16.56.29.png	passport_images/Screenshot_2024-10-07_at_16.56.29.png	offline	active	+998930000001	10
2	2024-09-25 09:58:10.262205+00	2024-10-07 09:47:53.64558+00	+998931023042	Nazarov Akmal	Toshkent viloyati chilonzor tuamni	seller_images/03.webp	registered_address/0e9b9750228b421aafe324f6f9b36304.jpg	pinfl/5a88e8516a6e44cb86ba41516dca0d56.jpg	passport_images/0db1b9f735034ad9927e5544d4c2f916_vCsgDoV.jpg	offline	deactivate	+998931023042	1
9	2024-10-08 13:14:13.479071+00	2024-10-08 13:14:13.479094+00	+998949290054	fayoz turaqulov	uzbekistan/tashkent		registered_address/Registan-Square-Samarkand-1_xV88PtS.webp	pinfl/Registan-Square-Samarkand-1_FWSH2aH.webp	passport_images/Registan-Square-Samarkand-1_k3vFQwQ.webp	offline	deactivate	+998999999999	1
10	2024-10-08 13:18:31.796594+00	2024-10-08 13:18:31.796619+00	+998949290055	Muhammad	Toshkent Shahar		registered_address/04.webp	pinfl/02.webp	passport_images/02.webp	offline	active	+998911111111	1
\.


--
-- Data for Name: user_seller_page_permissions; Type: TABLE DATA; Schema: public; Owner: ht_med_crm
--

COPY public.user_seller_page_permissions (id, seller_id, page_id) FROM stdin;
1	1	1
2	3	1
3	4	1
4	6	1
5	8	1
6	9	1
7	9	2
8	10	1
9	10	2
\.


--
-- Data for Name: user_sellerbuttonclick; Type: TABLE DATA; Schema: public; Owner: ht_med_crm
--

COPY public.user_sellerbuttonclick (id, created_at, updated_at, date, count, page_id, seller_id) FROM stdin;
\.


--
-- Data for Name: user_sellercoin; Type: TABLE DATA; Schema: public; Owner: ht_med_crm
--

COPY public.user_sellercoin (id, created_at, updated_at, action, coins, seller_id) FROM stdin;
3	2024-09-28 10:08:17.452703+00	2024-09-28 12:30:29.481302+00	sale	50	3
1	2024-09-26 07:40:13.701146+00	2024-09-28 12:31:05.18804+00	sale	30	3
2	2024-09-28 10:08:07.689653+00	2024-09-28 12:32:00.028404+00	sale	20	1
4	2024-09-28 12:47:45.107405+00	2024-09-28 12:47:45.107432+00	sale	12	1
5	2024-09-28 12:48:05.695374+00	2024-09-28 12:48:05.695396+00	add_customer	12	4
6	2024-09-28 12:48:16.050564+00	2024-09-28 12:48:16.050587+00	add_customer	43	2
7	2024-09-28 12:49:00.617545+00	2024-09-28 12:49:00.617575+00	add_customer	55	2
8	2024-09-28 12:49:08.580514+00	2024-09-28 12:49:08.580539+00	add_customer	86	4
\.


--
-- Data for Name: user_sellercustomerview; Type: TABLE DATA; Schema: public; Owner: ht_med_crm
--

COPY public.user_sellercustomerview (id, created_at, updated_at, viewed_at, customer_id, seller_id) FROM stdin;
16	2024-10-07 07:22:41.794994+00	2024-10-07 12:11:36.131685+00	2024-10-07 12:11:36.131551+00	4	5
10	2024-10-05 11:16:26.046235+00	2024-10-07 12:13:23.465828+00	2024-10-07 12:13:23.465681+00	4	1
14	2024-10-07 06:45:33.641953+00	2024-10-07 10:55:58.150461+00	2024-10-07 10:55:58.1503+00	5	3
3	2024-09-27 12:34:31.410753+00	2024-09-28 05:02:31.414797+00	2024-09-28 05:02:31.414665+00	1	1
8	2024-10-04 12:20:30.313078+00	2024-10-04 12:22:22.973552+00	2024-10-04 12:22:22.973445+00	3	3
1	2024-09-26 07:52:08.779494+00	2024-10-07 12:22:50.793835+00	2024-10-07 12:22:50.793678+00	1	2
15	2024-10-07 06:50:19.518119+00	2024-10-08 10:24:28.499954+00	2024-10-08 10:24:28.499856+00	5	5
18	2024-10-08 09:54:58.993251+00	2024-10-08 10:24:46.347349+00	2024-10-08 10:24:46.347261+00	3	5
12	2024-10-05 13:28:49.880856+00	2024-10-08 10:40:33.498144+00	2024-10-08 10:40:33.497998+00	5	2
2	2024-09-27 06:43:39.366913+00	2024-10-02 06:08:16.072587+00	2024-10-02 06:08:16.072437+00	1	3
9	2024-10-05 06:53:41.40829+00	2024-10-05 06:53:41.409639+00	2024-10-05 06:53:41.409554+00	2	1
5	2024-10-02 08:11:31.194794+00	2024-10-05 07:16:23.869072+00	2024-10-05 07:16:23.868915+00	2	2
6	2024-10-03 06:38:49.294599+00	2024-10-05 14:17:17.486349+00	2024-10-05 14:17:17.486211+00	3	1
11	2024-10-05 13:11:28.635672+00	2024-10-07 11:52:13.185998+00	2024-10-07 11:52:13.185685+00	5	1
13	2024-10-05 13:59:53.485002+00	2024-10-05 14:50:29.148934+00	2024-10-05 14:50:29.148796+00	4	2
17	2024-10-08 09:43:55.123188+00	2024-10-08 09:43:55.124782+00	2024-10-08 09:43:55.124689+00	1	5
7	2024-10-03 08:06:32.862612+00	2024-10-05 15:03:27.795645+00	2024-10-05 15:03:27.795557+00	3	2
4	2024-10-02 06:10:12.89921+00	2024-10-07 06:21:01.008641+00	2024-10-07 06:21:01.008337+00	2	3
\.


--
-- Data for Name: user_sellerpagevisitduration; Type: TABLE DATA; Schema: public; Owner: ht_med_crm
--

COPY public.user_sellerpagevisitduration (id, created_at, updated_at, duration, page_id, seller_id) FROM stdin;
\.


--
-- Data for Name: user_sellervisit; Type: TABLE DATA; Schema: public; Owner: ht_med_crm
--

COPY public.user_sellervisit (id, created_at, updated_at, last_visit, visit_count, user_id) FROM stdin;
\.


--
-- Data for Name: user_sms; Type: TABLE DATA; Schema: public; Owner: ht_med_crm
--

COPY public.user_sms (id, created_at, updated_at, title, message, sent_at) FROM stdin;
\.


--
-- Data for Name: user_sms_sellers; Type: TABLE DATA; Schema: public; Owner: ht_med_crm
--

COPY public.user_sms_sellers (id, sms_id, seller_id) FROM stdin;
\.


--
-- Data for Name: user_user; Type: TABLE DATA; Schema: public; Owner: ht_med_crm
--

COPY public.user_user (id, password, last_login, is_superuser, first_name, last_name, email, is_staff, is_active, date_joined, created_at, updated_at, phone) FROM stdin;
10	pbkdf2_sha256$600000$p2zxfaZ1OWLiGi7PAxDPut$4f/BDasn59JrRg5mhwtluerxdp5bAG2DZDgoaCjAK9E=	\N	f				f	t	2024-10-07 11:59:22.892207+00	2024-10-07 11:59:23.352165+00	2024-10-07 11:59:23.811825+00	+998949290011
4	pbkdf2_sha256$600000$RoeDn8O9zpNpcQgmRyL0se$sixJC0v3HcNyJ57i7W2FjW+CFYZ+zTuawtLYXnOcw80=	\N	f				f	t	2024-09-25 11:23:43.096083+00	2024-09-25 11:23:43.567723+00	2024-09-25 11:23:44.037262+00	+998934482881
7	pbkdf2_sha256$600000$yxFPsTWSsXysFowK1DjPFC$u1rZfpveDwSdjEHj5vuX2mMj9+SobfM6KdRBQ37wtNU=	2024-10-07 06:51:07.862051+00	t	Akmal	To'raqulov	akmal@gmail.com	t	t	2024-10-03 10:15:23+00	2024-10-03 10:17:17.49452+00	2024-10-03 10:17:17.494532+00	+998932004877
3	pbkdf2_sha256$600000$n9BrdQPG1x0IBqXHDYTYrT$p2E3uBPc5YH/dP4M+vAQ5qqOcymV9b61Eh0NKHIkpDE=	2024-10-08 11:53:50.984936+00	f				f	t	2024-09-25 09:58:09.292447+00	2024-09-25 09:58:09.762481+00	2024-10-08 11:53:50.985291+00	+998931023042
6	pbkdf2_sha256$600000$R2TUkCHfjYF4t9nX0ES0ON$o6P/IgSvCDb0LGs9ErnQdfwuusEPchD04BiRkk8ZSlI=	2024-10-08 13:11:05.090202+00	t	Ozodbek	Admin		f	t	2024-09-30 07:44:41+00	2024-09-30 07:44:42.376022+00	2024-10-08 13:11:05.09067+00	+998933333333
8	pbkdf2_sha256$600000$XzkG2AOsaPS9aE0HjDAi00$zdwb+Z3R/m8bo7QVkAqDk8uktMZ6PaH/QE+czY1gVGg=	\N	f				f	t	2024-10-07 09:31:58.972625+00	2024-10-07 09:31:59.438459+00	2024-10-07 09:31:59.900312+00	+998999999999
1	pbkdf2_sha256$600000$H1FTcrb8DjN2zzedO19cDo$ZPFV+tTbNf829n0nx83wpzKuW1MYRBvNsr/CFRZZcsE=	2024-10-05 14:27:25.996738+00	t	Oybek		tohir@gmai.com	t	t	2024-09-25 09:51:29+00	2024-09-25 09:51:29.871348+00	2024-10-08 13:18:31.774618+00	+998949290055
9	pbkdf2_sha256$600000$NmJKQy9GwM3cTEOUpW8pKS$FIxuvt7usLjgaQu/04GQY059tvp81Wd44IKPKf2FY90=	\N	f				f	t	2024-10-07 10:26:47.880856+00	2024-10-07 10:26:48.345138+00	2024-10-07 10:26:48.808939+00	+998949899999
2	pbkdf2_sha256$600000$xoYtZxeoz02US1fb4JXLpP$mEvgjUJx+lDZDwfJfT3kOgYqNEl7IqA0FsoOmrj0U/8=	2024-10-08 13:36:03.168216+00	f				t	t	2024-09-25 09:51:53+00	2024-09-25 09:51:53.764426+00	2024-10-07 13:12:58.551775+00	+998949290053
11	pbkdf2_sha256$600000$IDaDTOoakIrA9dzbhbHExr$WtHpiBzx11waffx8I0Ujlixp8F76G6ndCupyJ2A0wnA=	2024-10-08 13:38:41.537292+00	t				t	t	2024-10-08 13:38:10.379576+00	2024-10-08 13:38:10.848745+00	2024-10-08 13:38:10.848755+00	+998911111111
\.


--
-- Data for Name: user_user_groups; Type: TABLE DATA; Schema: public; Owner: ht_med_crm
--

COPY public.user_user_groups (id, user_id, group_id) FROM stdin;
1	7	1
2	1	1
\.


--
-- Data for Name: user_user_user_permissions; Type: TABLE DATA; Schema: public; Owner: ht_med_crm
--

COPY public.user_user_user_permissions (id, user_id, permission_id) FROM stdin;
1	7	1
2	7	2
3	7	3
4	7	4
5	1	1
6	1	2
7	1	3
8	1	4
9	1	9
\.


--
-- Name: auth_group_id_seq; Type: SEQUENCE SET; Schema: public; Owner: ht_med_crm
--

SELECT pg_catalog.setval('public.auth_group_id_seq', 1, true);


--
-- Name: auth_group_permissions_id_seq; Type: SEQUENCE SET; Schema: public; Owner: ht_med_crm
--

SELECT pg_catalog.setval('public.auth_group_permissions_id_seq', 20, true);


--
-- Name: auth_permission_id_seq; Type: SEQUENCE SET; Schema: public; Owner: ht_med_crm
--

SELECT pg_catalog.setval('public.auth_permission_id_seq', 128, true);


--
-- Name: common_customer_id_seq; Type: SEQUENCE SET; Schema: public; Owner: ht_med_crm
--

SELECT pg_catalog.setval('public.common_customer_id_seq', 5, true);


--
-- Name: common_customer_products_id_seq; Type: SEQUENCE SET; Schema: public; Owner: ht_med_crm
--

SELECT pg_catalog.setval('public.common_customer_products_id_seq', 6, true);


--
-- Name: common_location_id_seq; Type: SEQUENCE SET; Schema: public; Owner: ht_med_crm
--

SELECT pg_catalog.setval('public.common_location_id_seq', 25, true);


--
-- Name: common_medicalsector_id_seq; Type: SEQUENCE SET; Schema: public; Owner: ht_med_crm
--

SELECT pg_catalog.setval('public.common_medicalsector_id_seq', 19, true);


--
-- Name: common_paymentmethod_id_seq; Type: SEQUENCE SET; Schema: public; Owner: ht_med_crm
--

SELECT pg_catalog.setval('public.common_paymentmethod_id_seq', 19, true);


--
-- Name: common_paymenttype_id_seq; Type: SEQUENCE SET; Schema: public; Owner: ht_med_crm
--

SELECT pg_catalog.setval('public.common_paymenttype_id_seq', 24, true);


--
-- Name: common_product_id_seq; Type: SEQUENCE SET; Schema: public; Owner: ht_med_crm
--

SELECT pg_catalog.setval('public.common_product_id_seq', 8, true);


--
-- Name: common_sale_id_seq; Type: SEQUENCE SET; Schema: public; Owner: ht_med_crm
--

SELECT pg_catalog.setval('public.common_sale_id_seq', 1, false);


--
-- Name: common_sector_id_seq; Type: SEQUENCE SET; Schema: public; Owner: ht_med_crm
--

SELECT pg_catalog.setval('public.common_sector_id_seq', 24, true);


--
-- Name: common_source_id_seq; Type: SEQUENCE SET; Schema: public; Owner: ht_med_crm
--

SELECT pg_catalog.setval('public.common_source_id_seq', 12, true);


--
-- Name: common_statuschangerequest_id_seq; Type: SEQUENCE SET; Schema: public; Owner: ht_med_crm
--

SELECT pg_catalog.setval('public.common_statuschangerequest_id_seq', 8, true);


--
-- Name: common_sublocation_id_seq; Type: SEQUENCE SET; Schema: public; Owner: ht_med_crm
--

SELECT pg_catalog.setval('public.common_sublocation_id_seq', 1, false);


--
-- Name: django_admin_log_id_seq; Type: SEQUENCE SET; Schema: public; Owner: ht_med_crm
--

SELECT pg_catalog.setval('public.django_admin_log_id_seq', 34, true);


--
-- Name: django_content_type_id_seq; Type: SEQUENCE SET; Schema: public; Owner: ht_med_crm
--

SELECT pg_catalog.setval('public.django_content_type_id_seq', 32, true);


--
-- Name: django_migrations_id_seq; Type: SEQUENCE SET; Schema: public; Owner: ht_med_crm
--

SELECT pg_catalog.setval('public.django_migrations_id_seq', 43, true);


--
-- Name: token_blacklist_blacklistedtoken_id_seq; Type: SEQUENCE SET; Schema: public; Owner: ht_med_crm
--

SELECT pg_catalog.setval('public.token_blacklist_blacklistedtoken_id_seq', 2, true);


--
-- Name: token_blacklist_outstandingtoken_id_seq; Type: SEQUENCE SET; Schema: public; Owner: ht_med_crm
--

SELECT pg_catalog.setval('public.token_blacklist_outstandingtoken_id_seq', 153, true);


--
-- Name: user_calendar_id_seq; Type: SEQUENCE SET; Schema: public; Owner: ht_med_crm
--

SELECT pg_catalog.setval('public.user_calendar_id_seq', 4, true);


--
-- Name: user_comment_id_seq; Type: SEQUENCE SET; Schema: public; Owner: ht_med_crm
--

SELECT pg_catalog.setval('public.user_comment_id_seq', 44, true);


--
-- Name: user_confirmsale_id_seq; Type: SEQUENCE SET; Schema: public; Owner: ht_med_crm
--

SELECT pg_catalog.setval('public.user_confirmsale_id_seq', 1, false);


--
-- Name: user_notifications_id_seq; Type: SEQUENCE SET; Schema: public; Owner: ht_med_crm
--

SELECT pg_catalog.setval('public.user_notifications_id_seq', 1, true);


--
-- Name: user_page_id_seq; Type: SEQUENCE SET; Schema: public; Owner: ht_med_crm
--

SELECT pg_catalog.setval('public.user_page_id_seq', 2, true);


--
-- Name: user_seller_id_seq; Type: SEQUENCE SET; Schema: public; Owner: ht_med_crm
--

SELECT pg_catalog.setval('public.user_seller_id_seq', 10, true);


--
-- Name: user_seller_page_permissions_id_seq; Type: SEQUENCE SET; Schema: public; Owner: ht_med_crm
--

SELECT pg_catalog.setval('public.user_seller_page_permissions_id_seq', 9, true);


--
-- Name: user_sellerbuttonclick_id_seq; Type: SEQUENCE SET; Schema: public; Owner: ht_med_crm
--

SELECT pg_catalog.setval('public.user_sellerbuttonclick_id_seq', 1, false);


--
-- Name: user_sellercoin_id_seq; Type: SEQUENCE SET; Schema: public; Owner: ht_med_crm
--

SELECT pg_catalog.setval('public.user_sellercoin_id_seq', 8, true);


--
-- Name: user_sellercustomerview_id_seq; Type: SEQUENCE SET; Schema: public; Owner: ht_med_crm
--

SELECT pg_catalog.setval('public.user_sellercustomerview_id_seq', 18, true);


--
-- Name: user_sellerpagevisitduration_id_seq; Type: SEQUENCE SET; Schema: public; Owner: ht_med_crm
--

SELECT pg_catalog.setval('public.user_sellerpagevisitduration_id_seq', 1, false);


--
-- Name: user_sellervisit_id_seq; Type: SEQUENCE SET; Schema: public; Owner: ht_med_crm
--

SELECT pg_catalog.setval('public.user_sellervisit_id_seq', 1, false);


--
-- Name: user_sms_id_seq; Type: SEQUENCE SET; Schema: public; Owner: ht_med_crm
--

SELECT pg_catalog.setval('public.user_sms_id_seq', 1, false);


--
-- Name: user_sms_sellers_id_seq; Type: SEQUENCE SET; Schema: public; Owner: ht_med_crm
--

SELECT pg_catalog.setval('public.user_sms_sellers_id_seq', 1, false);


--
-- Name: user_user_groups_id_seq; Type: SEQUENCE SET; Schema: public; Owner: ht_med_crm
--

SELECT pg_catalog.setval('public.user_user_groups_id_seq', 2, true);


--
-- Name: user_user_id_seq; Type: SEQUENCE SET; Schema: public; Owner: ht_med_crm
--

SELECT pg_catalog.setval('public.user_user_id_seq', 11, true);


--
-- Name: user_user_user_permissions_id_seq; Type: SEQUENCE SET; Schema: public; Owner: ht_med_crm
--

SELECT pg_catalog.setval('public.user_user_user_permissions_id_seq', 9, true);


--
-- Name: auth_group auth_group_name_key; Type: CONSTRAINT; Schema: public; Owner: ht_med_crm
--

ALTER TABLE ONLY public.auth_group
    ADD CONSTRAINT auth_group_name_key UNIQUE (name);


--
-- Name: auth_group_permissions auth_group_permissions_group_id_permission_id_0cd325b0_uniq; Type: CONSTRAINT; Schema: public; Owner: ht_med_crm
--

ALTER TABLE ONLY public.auth_group_permissions
    ADD CONSTRAINT auth_group_permissions_group_id_permission_id_0cd325b0_uniq UNIQUE (group_id, permission_id);


--
-- Name: auth_group_permissions auth_group_permissions_pkey; Type: CONSTRAINT; Schema: public; Owner: ht_med_crm
--

ALTER TABLE ONLY public.auth_group_permissions
    ADD CONSTRAINT auth_group_permissions_pkey PRIMARY KEY (id);


--
-- Name: auth_group auth_group_pkey; Type: CONSTRAINT; Schema: public; Owner: ht_med_crm
--

ALTER TABLE ONLY public.auth_group
    ADD CONSTRAINT auth_group_pkey PRIMARY KEY (id);


--
-- Name: auth_permission auth_permission_content_type_id_codename_01ab375a_uniq; Type: CONSTRAINT; Schema: public; Owner: ht_med_crm
--

ALTER TABLE ONLY public.auth_permission
    ADD CONSTRAINT auth_permission_content_type_id_codename_01ab375a_uniq UNIQUE (content_type_id, codename);


--
-- Name: auth_permission auth_permission_pkey; Type: CONSTRAINT; Schema: public; Owner: ht_med_crm
--

ALTER TABLE ONLY public.auth_permission
    ADD CONSTRAINT auth_permission_pkey PRIMARY KEY (id);


--
-- Name: authtoken_token authtoken_token_pkey; Type: CONSTRAINT; Schema: public; Owner: ht_med_crm
--

ALTER TABLE ONLY public.authtoken_token
    ADD CONSTRAINT authtoken_token_pkey PRIMARY KEY (key);


--
-- Name: authtoken_token authtoken_token_user_id_key; Type: CONSTRAINT; Schema: public; Owner: ht_med_crm
--

ALTER TABLE ONLY public.authtoken_token
    ADD CONSTRAINT authtoken_token_user_id_key UNIQUE (user_id);


--
-- Name: common_customer common_customer_pkey; Type: CONSTRAINT; Schema: public; Owner: ht_med_crm
--

ALTER TABLE ONLY public.common_customer
    ADD CONSTRAINT common_customer_pkey PRIMARY KEY (id);


--
-- Name: common_customer_products common_customer_products_customer_id_product_id_628aeaad_uniq; Type: CONSTRAINT; Schema: public; Owner: ht_med_crm
--

ALTER TABLE ONLY public.common_customer_products
    ADD CONSTRAINT common_customer_products_customer_id_product_id_628aeaad_uniq UNIQUE (customer_id, product_id);


--
-- Name: common_customer_products common_customer_products_pkey; Type: CONSTRAINT; Schema: public; Owner: ht_med_crm
--

ALTER TABLE ONLY public.common_customer_products
    ADD CONSTRAINT common_customer_products_pkey PRIMARY KEY (id);


--
-- Name: common_location common_location_pkey; Type: CONSTRAINT; Schema: public; Owner: ht_med_crm
--

ALTER TABLE ONLY public.common_location
    ADD CONSTRAINT common_location_pkey PRIMARY KEY (id);


--
-- Name: common_medicalsector common_medicalsector_pkey; Type: CONSTRAINT; Schema: public; Owner: ht_med_crm
--

ALTER TABLE ONLY public.common_medicalsector
    ADD CONSTRAINT common_medicalsector_pkey PRIMARY KEY (id);


--
-- Name: common_paymentmethod common_paymentmethod_pkey; Type: CONSTRAINT; Schema: public; Owner: ht_med_crm
--

ALTER TABLE ONLY public.common_paymentmethod
    ADD CONSTRAINT common_paymentmethod_pkey PRIMARY KEY (id);


--
-- Name: common_paymenttype common_paymenttype_pkey; Type: CONSTRAINT; Schema: public; Owner: ht_med_crm
--

ALTER TABLE ONLY public.common_paymenttype
    ADD CONSTRAINT common_paymenttype_pkey PRIMARY KEY (id);


--
-- Name: common_product common_product_pkey; Type: CONSTRAINT; Schema: public; Owner: ht_med_crm
--

ALTER TABLE ONLY public.common_product
    ADD CONSTRAINT common_product_pkey PRIMARY KEY (id);


--
-- Name: common_sale common_sale_pkey; Type: CONSTRAINT; Schema: public; Owner: ht_med_crm
--

ALTER TABLE ONLY public.common_sale
    ADD CONSTRAINT common_sale_pkey PRIMARY KEY (id);


--
-- Name: common_sector common_sector_pkey; Type: CONSTRAINT; Schema: public; Owner: ht_med_crm
--

ALTER TABLE ONLY public.common_sector
    ADD CONSTRAINT common_sector_pkey PRIMARY KEY (id);


--
-- Name: common_source common_source_pkey; Type: CONSTRAINT; Schema: public; Owner: ht_med_crm
--

ALTER TABLE ONLY public.common_source
    ADD CONSTRAINT common_source_pkey PRIMARY KEY (id);


--
-- Name: common_statuschangerequest common_statuschangerequest_pkey; Type: CONSTRAINT; Schema: public; Owner: ht_med_crm
--

ALTER TABLE ONLY public.common_statuschangerequest
    ADD CONSTRAINT common_statuschangerequest_pkey PRIMARY KEY (id);


--
-- Name: common_sublocation common_sublocation_pkey; Type: CONSTRAINT; Schema: public; Owner: ht_med_crm
--

ALTER TABLE ONLY public.common_sublocation
    ADD CONSTRAINT common_sublocation_pkey PRIMARY KEY (id);


--
-- Name: django_admin_log django_admin_log_pkey; Type: CONSTRAINT; Schema: public; Owner: ht_med_crm
--

ALTER TABLE ONLY public.django_admin_log
    ADD CONSTRAINT django_admin_log_pkey PRIMARY KEY (id);


--
-- Name: django_content_type django_content_type_app_label_model_76bd3d3b_uniq; Type: CONSTRAINT; Schema: public; Owner: ht_med_crm
--

ALTER TABLE ONLY public.django_content_type
    ADD CONSTRAINT django_content_type_app_label_model_76bd3d3b_uniq UNIQUE (app_label, model);


--
-- Name: django_content_type django_content_type_pkey; Type: CONSTRAINT; Schema: public; Owner: ht_med_crm
--

ALTER TABLE ONLY public.django_content_type
    ADD CONSTRAINT django_content_type_pkey PRIMARY KEY (id);


--
-- Name: django_migrations django_migrations_pkey; Type: CONSTRAINT; Schema: public; Owner: ht_med_crm
--

ALTER TABLE ONLY public.django_migrations
    ADD CONSTRAINT django_migrations_pkey PRIMARY KEY (id);


--
-- Name: django_session django_session_pkey; Type: CONSTRAINT; Schema: public; Owner: ht_med_crm
--

ALTER TABLE ONLY public.django_session
    ADD CONSTRAINT django_session_pkey PRIMARY KEY (session_key);


--
-- Name: token_blacklist_blacklistedtoken token_blacklist_blacklistedtoken_pkey; Type: CONSTRAINT; Schema: public; Owner: ht_med_crm
--

ALTER TABLE ONLY public.token_blacklist_blacklistedtoken
    ADD CONSTRAINT token_blacklist_blacklistedtoken_pkey PRIMARY KEY (id);


--
-- Name: token_blacklist_blacklistedtoken token_blacklist_blacklistedtoken_token_id_key; Type: CONSTRAINT; Schema: public; Owner: ht_med_crm
--

ALTER TABLE ONLY public.token_blacklist_blacklistedtoken
    ADD CONSTRAINT token_blacklist_blacklistedtoken_token_id_key UNIQUE (token_id);


--
-- Name: token_blacklist_outstandingtoken token_blacklist_outstandingtoken_jti_hex_d9bdf6f7_uniq; Type: CONSTRAINT; Schema: public; Owner: ht_med_crm
--

ALTER TABLE ONLY public.token_blacklist_outstandingtoken
    ADD CONSTRAINT token_blacklist_outstandingtoken_jti_hex_d9bdf6f7_uniq UNIQUE (jti);


--
-- Name: token_blacklist_outstandingtoken token_blacklist_outstandingtoken_pkey; Type: CONSTRAINT; Schema: public; Owner: ht_med_crm
--

ALTER TABLE ONLY public.token_blacklist_outstandingtoken
    ADD CONSTRAINT token_blacklist_outstandingtoken_pkey PRIMARY KEY (id);


--
-- Name: user_calendar user_calendar_pkey; Type: CONSTRAINT; Schema: public; Owner: ht_med_crm
--

ALTER TABLE ONLY public.user_calendar
    ADD CONSTRAINT user_calendar_pkey PRIMARY KEY (id);


--
-- Name: user_comment user_comment_pkey; Type: CONSTRAINT; Schema: public; Owner: ht_med_crm
--

ALTER TABLE ONLY public.user_comment
    ADD CONSTRAINT user_comment_pkey PRIMARY KEY (id);


--
-- Name: user_confirmsale user_confirmsale_pkey; Type: CONSTRAINT; Schema: public; Owner: ht_med_crm
--

ALTER TABLE ONLY public.user_confirmsale
    ADD CONSTRAINT user_confirmsale_pkey PRIMARY KEY (id);


--
-- Name: user_notifications user_notifications_pkey; Type: CONSTRAINT; Schema: public; Owner: ht_med_crm
--

ALTER TABLE ONLY public.user_notifications
    ADD CONSTRAINT user_notifications_pkey PRIMARY KEY (id);


--
-- Name: user_page user_page_name_key; Type: CONSTRAINT; Schema: public; Owner: ht_med_crm
--

ALTER TABLE ONLY public.user_page
    ADD CONSTRAINT user_page_name_key UNIQUE (name);


--
-- Name: user_page user_page_pkey; Type: CONSTRAINT; Schema: public; Owner: ht_med_crm
--

ALTER TABLE ONLY public.user_page
    ADD CONSTRAINT user_page_pkey PRIMARY KEY (id);


--
-- Name: user_seller_page_permissions user_seller_page_permissions_pkey; Type: CONSTRAINT; Schema: public; Owner: ht_med_crm
--

ALTER TABLE ONLY public.user_seller_page_permissions
    ADD CONSTRAINT user_seller_page_permissions_pkey PRIMARY KEY (id);


--
-- Name: user_seller_page_permissions user_seller_page_permissions_seller_id_page_id_077efe75_uniq; Type: CONSTRAINT; Schema: public; Owner: ht_med_crm
--

ALTER TABLE ONLY public.user_seller_page_permissions
    ADD CONSTRAINT user_seller_page_permissions_seller_id_page_id_077efe75_uniq UNIQUE (seller_id, page_id);


--
-- Name: user_seller user_seller_pkey; Type: CONSTRAINT; Schema: public; Owner: ht_med_crm
--

ALTER TABLE ONLY public.user_seller
    ADD CONSTRAINT user_seller_pkey PRIMARY KEY (id);


--
-- Name: user_sellerbuttonclick user_sellerbuttonclick_pkey; Type: CONSTRAINT; Schema: public; Owner: ht_med_crm
--

ALTER TABLE ONLY public.user_sellerbuttonclick
    ADD CONSTRAINT user_sellerbuttonclick_pkey PRIMARY KEY (id);


--
-- Name: user_sellercoin user_sellercoin_pkey; Type: CONSTRAINT; Schema: public; Owner: ht_med_crm
--

ALTER TABLE ONLY public.user_sellercoin
    ADD CONSTRAINT user_sellercoin_pkey PRIMARY KEY (id);


--
-- Name: user_sellercustomerview user_sellercustomerview_pkey; Type: CONSTRAINT; Schema: public; Owner: ht_med_crm
--

ALTER TABLE ONLY public.user_sellercustomerview
    ADD CONSTRAINT user_sellercustomerview_pkey PRIMARY KEY (id);


--
-- Name: user_sellerpagevisitduration user_sellerpagevisitduration_pkey; Type: CONSTRAINT; Schema: public; Owner: ht_med_crm
--

ALTER TABLE ONLY public.user_sellerpagevisitduration
    ADD CONSTRAINT user_sellerpagevisitduration_pkey PRIMARY KEY (id);


--
-- Name: user_sellervisit user_sellervisit_pkey; Type: CONSTRAINT; Schema: public; Owner: ht_med_crm
--

ALTER TABLE ONLY public.user_sellervisit
    ADD CONSTRAINT user_sellervisit_pkey PRIMARY KEY (id);


--
-- Name: user_sms user_sms_pkey; Type: CONSTRAINT; Schema: public; Owner: ht_med_crm
--

ALTER TABLE ONLY public.user_sms
    ADD CONSTRAINT user_sms_pkey PRIMARY KEY (id);


--
-- Name: user_sms_sellers user_sms_sellers_pkey; Type: CONSTRAINT; Schema: public; Owner: ht_med_crm
--

ALTER TABLE ONLY public.user_sms_sellers
    ADD CONSTRAINT user_sms_sellers_pkey PRIMARY KEY (id);


--
-- Name: user_sms_sellers user_sms_sellers_sms_id_seller_id_7f9404ba_uniq; Type: CONSTRAINT; Schema: public; Owner: ht_med_crm
--

ALTER TABLE ONLY public.user_sms_sellers
    ADD CONSTRAINT user_sms_sellers_sms_id_seller_id_7f9404ba_uniq UNIQUE (sms_id, seller_id);


--
-- Name: user_user_groups user_user_groups_pkey; Type: CONSTRAINT; Schema: public; Owner: ht_med_crm
--

ALTER TABLE ONLY public.user_user_groups
    ADD CONSTRAINT user_user_groups_pkey PRIMARY KEY (id);


--
-- Name: user_user_groups user_user_groups_user_id_group_id_bb60391f_uniq; Type: CONSTRAINT; Schema: public; Owner: ht_med_crm
--

ALTER TABLE ONLY public.user_user_groups
    ADD CONSTRAINT user_user_groups_user_id_group_id_bb60391f_uniq UNIQUE (user_id, group_id);


--
-- Name: user_user user_user_phone_key; Type: CONSTRAINT; Schema: public; Owner: ht_med_crm
--

ALTER TABLE ONLY public.user_user
    ADD CONSTRAINT user_user_phone_key UNIQUE (phone);


--
-- Name: user_user user_user_pkey; Type: CONSTRAINT; Schema: public; Owner: ht_med_crm
--

ALTER TABLE ONLY public.user_user
    ADD CONSTRAINT user_user_pkey PRIMARY KEY (id);


--
-- Name: user_user_user_permissions user_user_user_permissions_pkey; Type: CONSTRAINT; Schema: public; Owner: ht_med_crm
--

ALTER TABLE ONLY public.user_user_user_permissions
    ADD CONSTRAINT user_user_user_permissions_pkey PRIMARY KEY (id);


--
-- Name: user_user_user_permissions user_user_user_permissions_user_id_permission_id_64f4d5b8_uniq; Type: CONSTRAINT; Schema: public; Owner: ht_med_crm
--

ALTER TABLE ONLY public.user_user_user_permissions
    ADD CONSTRAINT user_user_user_permissions_user_id_permission_id_64f4d5b8_uniq UNIQUE (user_id, permission_id);


--
-- Name: auth_group_name_a6ea08ec_like; Type: INDEX; Schema: public; Owner: ht_med_crm
--

CREATE INDEX auth_group_name_a6ea08ec_like ON public.auth_group USING btree (name varchar_pattern_ops);


--
-- Name: auth_group_permissions_group_id_b120cbf9; Type: INDEX; Schema: public; Owner: ht_med_crm
--

CREATE INDEX auth_group_permissions_group_id_b120cbf9 ON public.auth_group_permissions USING btree (group_id);


--
-- Name: auth_group_permissions_permission_id_84c5c92e; Type: INDEX; Schema: public; Owner: ht_med_crm
--

CREATE INDEX auth_group_permissions_permission_id_84c5c92e ON public.auth_group_permissions USING btree (permission_id);


--
-- Name: auth_permission_content_type_id_2f476e4b; Type: INDEX; Schema: public; Owner: ht_med_crm
--

CREATE INDEX auth_permission_content_type_id_2f476e4b ON public.auth_permission USING btree (content_type_id);


--
-- Name: authtoken_token_key_10f0b77e_like; Type: INDEX; Schema: public; Owner: ht_med_crm
--

CREATE INDEX authtoken_token_key_10f0b77e_like ON public.authtoken_token USING btree (key varchar_pattern_ops);


--
-- Name: common_customer_copy_customer_id_1ae55a0c; Type: INDEX; Schema: public; Owner: ht_med_crm
--

CREATE INDEX common_customer_copy_customer_id_1ae55a0c ON public.common_customer USING btree (copy_customer_id);


--
-- Name: common_customer_location_id_48ec1ce7; Type: INDEX; Schema: public; Owner: ht_med_crm
--

CREATE INDEX common_customer_location_id_48ec1ce7 ON public.common_customer USING btree (location_id);


--
-- Name: common_customer_medical_id_b6bf74c6; Type: INDEX; Schema: public; Owner: ht_med_crm
--

CREATE INDEX common_customer_medical_id_b6bf74c6 ON public.common_customer USING btree (medical_id);


--
-- Name: common_customer_payment_method_id_b40edc74; Type: INDEX; Schema: public; Owner: ht_med_crm
--

CREATE INDEX common_customer_payment_method_id_b40edc74 ON public.common_customer USING btree (payment_method_id);


--
-- Name: common_customer_payment_type_id_0d03d03e; Type: INDEX; Schema: public; Owner: ht_med_crm
--

CREATE INDEX common_customer_payment_type_id_0d03d03e ON public.common_customer USING btree (payment_type_id);


--
-- Name: common_customer_products_customer_id_7196d4e9; Type: INDEX; Schema: public; Owner: ht_med_crm
--

CREATE INDEX common_customer_products_customer_id_7196d4e9 ON public.common_customer_products USING btree (customer_id);


--
-- Name: common_customer_products_product_id_930519cd; Type: INDEX; Schema: public; Owner: ht_med_crm
--

CREATE INDEX common_customer_products_product_id_930519cd ON public.common_customer_products USING btree (product_id);


--
-- Name: common_customer_sector_id_40d76171; Type: INDEX; Schema: public; Owner: ht_med_crm
--

CREATE INDEX common_customer_sector_id_40d76171 ON public.common_customer USING btree (sector_id);


--
-- Name: common_customer_seller_id_f6bf4ef1; Type: INDEX; Schema: public; Owner: ht_med_crm
--

CREATE INDEX common_customer_seller_id_f6bf4ef1 ON public.common_customer USING btree (seller_id);


--
-- Name: common_customer_source_id_d374b81d; Type: INDEX; Schema: public; Owner: ht_med_crm
--

CREATE INDEX common_customer_source_id_d374b81d ON public.common_customer USING btree (source_id);


--
-- Name: common_location_seller_id_767bcad3; Type: INDEX; Schema: public; Owner: ht_med_crm
--

CREATE INDEX common_location_seller_id_767bcad3 ON public.common_location USING btree (seller_id);


--
-- Name: common_medicalsector_location_id_088ba172; Type: INDEX; Schema: public; Owner: ht_med_crm
--

CREATE INDEX common_medicalsector_location_id_088ba172 ON public.common_medicalsector USING btree (location_id);


--
-- Name: common_medicalsector_sector_id_716c353d; Type: INDEX; Schema: public; Owner: ht_med_crm
--

CREATE INDEX common_medicalsector_sector_id_716c353d ON public.common_medicalsector USING btree (sector_id);


--
-- Name: common_medicalsector_seller_id_ccdd66a0; Type: INDEX; Schema: public; Owner: ht_med_crm
--

CREATE INDEX common_medicalsector_seller_id_ccdd66a0 ON public.common_medicalsector USING btree (seller_id);


--
-- Name: common_product_seller_id_456bb9f8; Type: INDEX; Schema: public; Owner: ht_med_crm
--

CREATE INDEX common_product_seller_id_456bb9f8 ON public.common_product USING btree (seller_id);


--
-- Name: common_sale_product_id_87bddfec; Type: INDEX; Schema: public; Owner: ht_med_crm
--

CREATE INDEX common_sale_product_id_87bddfec ON public.common_sale USING btree (product_id);


--
-- Name: common_sale_seller_id_51531380; Type: INDEX; Schema: public; Owner: ht_med_crm
--

CREATE INDEX common_sale_seller_id_51531380 ON public.common_sale USING btree (seller_id);


--
-- Name: common_sector_location_id_9efc7778; Type: INDEX; Schema: public; Owner: ht_med_crm
--

CREATE INDEX common_sector_location_id_9efc7778 ON public.common_sector USING btree (location_id);


--
-- Name: common_sector_seller_id_9449e44c; Type: INDEX; Schema: public; Owner: ht_med_crm
--

CREATE INDEX common_sector_seller_id_9449e44c ON public.common_sector USING btree (seller_id);


--
-- Name: common_source_seller_id_05993827; Type: INDEX; Schema: public; Owner: ht_med_crm
--

CREATE INDEX common_source_seller_id_05993827 ON public.common_source USING btree (seller_id);


--
-- Name: common_statuschangerequest_comment_id_ac3083a1; Type: INDEX; Schema: public; Owner: ht_med_crm
--

CREATE INDEX common_statuschangerequest_comment_id_ac3083a1 ON public.common_statuschangerequest USING btree (comment_id);


--
-- Name: common_statuschangerequest_customer_id_fdb3db6d; Type: INDEX; Schema: public; Owner: ht_med_crm
--

CREATE INDEX common_statuschangerequest_customer_id_fdb3db6d ON public.common_statuschangerequest USING btree (customer_id);


--
-- Name: common_statuschangerequest_seller_id_40d95924; Type: INDEX; Schema: public; Owner: ht_med_crm
--

CREATE INDEX common_statuschangerequest_seller_id_40d95924 ON public.common_statuschangerequest USING btree (seller_id);


--
-- Name: common_sublocation_location_id_3d13e8e5; Type: INDEX; Schema: public; Owner: ht_med_crm
--

CREATE INDEX common_sublocation_location_id_3d13e8e5 ON public.common_sublocation USING btree (location_id);


--
-- Name: common_sublocation_seller_id_1c43f4d1; Type: INDEX; Schema: public; Owner: ht_med_crm
--

CREATE INDEX common_sublocation_seller_id_1c43f4d1 ON public.common_sublocation USING btree (seller_id);


--
-- Name: django_admin_log_content_type_id_c4bce8eb; Type: INDEX; Schema: public; Owner: ht_med_crm
--

CREATE INDEX django_admin_log_content_type_id_c4bce8eb ON public.django_admin_log USING btree (content_type_id);


--
-- Name: django_admin_log_user_id_c564eba6; Type: INDEX; Schema: public; Owner: ht_med_crm
--

CREATE INDEX django_admin_log_user_id_c564eba6 ON public.django_admin_log USING btree (user_id);


--
-- Name: django_session_expire_date_a5c62663; Type: INDEX; Schema: public; Owner: ht_med_crm
--

CREATE INDEX django_session_expire_date_a5c62663 ON public.django_session USING btree (expire_date);


--
-- Name: django_session_session_key_c0390e0f_like; Type: INDEX; Schema: public; Owner: ht_med_crm
--

CREATE INDEX django_session_session_key_c0390e0f_like ON public.django_session USING btree (session_key varchar_pattern_ops);


--
-- Name: token_blacklist_outstandingtoken_jti_hex_d9bdf6f7_like; Type: INDEX; Schema: public; Owner: ht_med_crm
--

CREATE INDEX token_blacklist_outstandingtoken_jti_hex_d9bdf6f7_like ON public.token_blacklist_outstandingtoken USING btree (jti varchar_pattern_ops);


--
-- Name: token_blacklist_outstandingtoken_user_id_83bc629a; Type: INDEX; Schema: public; Owner: ht_med_crm
--

CREATE INDEX token_blacklist_outstandingtoken_user_id_83bc629a ON public.token_blacklist_outstandingtoken USING btree (user_id);


--
-- Name: user_calendar_customer_id_f97f4515; Type: INDEX; Schema: public; Owner: ht_med_crm
--

CREATE INDEX user_calendar_customer_id_f97f4515 ON public.user_calendar USING btree (customer_id);


--
-- Name: user_calendar_seller_id_9331ce6e; Type: INDEX; Schema: public; Owner: ht_med_crm
--

CREATE INDEX user_calendar_seller_id_9331ce6e ON public.user_calendar USING btree (seller_id);


--
-- Name: user_comment_customer_id_e0b8540c; Type: INDEX; Schema: public; Owner: ht_med_crm
--

CREATE INDEX user_comment_customer_id_e0b8540c ON public.user_comment USING btree (customer_id);


--
-- Name: user_comment_seller_id_b876f9cb; Type: INDEX; Schema: public; Owner: ht_med_crm
--

CREATE INDEX user_comment_seller_id_b876f9cb ON public.user_comment USING btree (seller_id);


--
-- Name: user_confirmsale_customer_id_91408030; Type: INDEX; Schema: public; Owner: ht_med_crm
--

CREATE INDEX user_confirmsale_customer_id_91408030 ON public.user_confirmsale USING btree (customer_id);


--
-- Name: user_notifications_seller_id_e1890158; Type: INDEX; Schema: public; Owner: ht_med_crm
--

CREATE INDEX user_notifications_seller_id_e1890158 ON public.user_notifications USING btree (seller_id);


--
-- Name: user_page_name_ce794777_like; Type: INDEX; Schema: public; Owner: ht_med_crm
--

CREATE INDEX user_page_name_ce794777_like ON public.user_page USING btree (name varchar_pattern_ops);


--
-- Name: user_seller_page_permissions_page_id_99b7f451; Type: INDEX; Schema: public; Owner: ht_med_crm
--

CREATE INDEX user_seller_page_permissions_page_id_99b7f451 ON public.user_seller_page_permissions USING btree (page_id);


--
-- Name: user_seller_page_permissions_seller_id_a8761f1d; Type: INDEX; Schema: public; Owner: ht_med_crm
--

CREATE INDEX user_seller_page_permissions_seller_id_a8761f1d ON public.user_seller_page_permissions USING btree (seller_id);


--
-- Name: user_seller_user_id_562c7bc7; Type: INDEX; Schema: public; Owner: ht_med_crm
--

CREATE INDEX user_seller_user_id_562c7bc7 ON public.user_seller USING btree (user_id);


--
-- Name: user_sellerbuttonclick_page_id_68bb33fa; Type: INDEX; Schema: public; Owner: ht_med_crm
--

CREATE INDEX user_sellerbuttonclick_page_id_68bb33fa ON public.user_sellerbuttonclick USING btree (page_id);


--
-- Name: user_sellerbuttonclick_seller_id_cffa5c2c; Type: INDEX; Schema: public; Owner: ht_med_crm
--

CREATE INDEX user_sellerbuttonclick_seller_id_cffa5c2c ON public.user_sellerbuttonclick USING btree (seller_id);


--
-- Name: user_sellercoin_seller_id_b654b7e9; Type: INDEX; Schema: public; Owner: ht_med_crm
--

CREATE INDEX user_sellercoin_seller_id_b654b7e9 ON public.user_sellercoin USING btree (seller_id);


--
-- Name: user_sellercustomerview_customer_id_c20ada7d; Type: INDEX; Schema: public; Owner: ht_med_crm
--

CREATE INDEX user_sellercustomerview_customer_id_c20ada7d ON public.user_sellercustomerview USING btree (customer_id);


--
-- Name: user_sellercustomerview_seller_id_20deb322; Type: INDEX; Schema: public; Owner: ht_med_crm
--

CREATE INDEX user_sellercustomerview_seller_id_20deb322 ON public.user_sellercustomerview USING btree (seller_id);


--
-- Name: user_sellerpagevisitduration_page_id_905e4885; Type: INDEX; Schema: public; Owner: ht_med_crm
--

CREATE INDEX user_sellerpagevisitduration_page_id_905e4885 ON public.user_sellerpagevisitduration USING btree (page_id);


--
-- Name: user_sellerpagevisitduration_seller_id_0a3c7a87; Type: INDEX; Schema: public; Owner: ht_med_crm
--

CREATE INDEX user_sellerpagevisitduration_seller_id_0a3c7a87 ON public.user_sellerpagevisitduration USING btree (seller_id);


--
-- Name: user_sellervisit_user_id_4844d563; Type: INDEX; Schema: public; Owner: ht_med_crm
--

CREATE INDEX user_sellervisit_user_id_4844d563 ON public.user_sellervisit USING btree (user_id);


--
-- Name: user_sms_sellers_seller_id_afb092b9; Type: INDEX; Schema: public; Owner: ht_med_crm
--

CREATE INDEX user_sms_sellers_seller_id_afb092b9 ON public.user_sms_sellers USING btree (seller_id);


--
-- Name: user_sms_sellers_sms_id_0cf1f20e; Type: INDEX; Schema: public; Owner: ht_med_crm
--

CREATE INDEX user_sms_sellers_sms_id_0cf1f20e ON public.user_sms_sellers USING btree (sms_id);


--
-- Name: user_user_groups_group_id_c57f13c0; Type: INDEX; Schema: public; Owner: ht_med_crm
--

CREATE INDEX user_user_groups_group_id_c57f13c0 ON public.user_user_groups USING btree (group_id);


--
-- Name: user_user_groups_user_id_13f9a20d; Type: INDEX; Schema: public; Owner: ht_med_crm
--

CREATE INDEX user_user_groups_user_id_13f9a20d ON public.user_user_groups USING btree (user_id);


--
-- Name: user_user_phone_9279a142_like; Type: INDEX; Schema: public; Owner: ht_med_crm
--

CREATE INDEX user_user_phone_9279a142_like ON public.user_user USING btree (phone varchar_pattern_ops);


--
-- Name: user_user_user_permissions_permission_id_ce49d4de; Type: INDEX; Schema: public; Owner: ht_med_crm
--

CREATE INDEX user_user_user_permissions_permission_id_ce49d4de ON public.user_user_user_permissions USING btree (permission_id);


--
-- Name: user_user_user_permissions_user_id_31782f58; Type: INDEX; Schema: public; Owner: ht_med_crm
--

CREATE INDEX user_user_user_permissions_user_id_31782f58 ON public.user_user_user_permissions USING btree (user_id);


--
-- Name: auth_group_permissions auth_group_permissio_permission_id_84c5c92e_fk_auth_perm; Type: FK CONSTRAINT; Schema: public; Owner: ht_med_crm
--

ALTER TABLE ONLY public.auth_group_permissions
    ADD CONSTRAINT auth_group_permissio_permission_id_84c5c92e_fk_auth_perm FOREIGN KEY (permission_id) REFERENCES public.auth_permission(id) DEFERRABLE INITIALLY DEFERRED;


--
-- Name: auth_group_permissions auth_group_permissions_group_id_b120cbf9_fk_auth_group_id; Type: FK CONSTRAINT; Schema: public; Owner: ht_med_crm
--

ALTER TABLE ONLY public.auth_group_permissions
    ADD CONSTRAINT auth_group_permissions_group_id_b120cbf9_fk_auth_group_id FOREIGN KEY (group_id) REFERENCES public.auth_group(id) DEFERRABLE INITIALLY DEFERRED;


--
-- Name: auth_permission auth_permission_content_type_id_2f476e4b_fk_django_co; Type: FK CONSTRAINT; Schema: public; Owner: ht_med_crm
--

ALTER TABLE ONLY public.auth_permission
    ADD CONSTRAINT auth_permission_content_type_id_2f476e4b_fk_django_co FOREIGN KEY (content_type_id) REFERENCES public.django_content_type(id) DEFERRABLE INITIALLY DEFERRED;


--
-- Name: authtoken_token authtoken_token_user_id_35299eff_fk_user_user_id; Type: FK CONSTRAINT; Schema: public; Owner: ht_med_crm
--

ALTER TABLE ONLY public.authtoken_token
    ADD CONSTRAINT authtoken_token_user_id_35299eff_fk_user_user_id FOREIGN KEY (user_id) REFERENCES public.user_user(id) DEFERRABLE INITIALLY DEFERRED;


--
-- Name: common_customer common_customer_copy_customer_id_1ae55a0c_fk_common_customer_id; Type: FK CONSTRAINT; Schema: public; Owner: ht_med_crm
--

ALTER TABLE ONLY public.common_customer
    ADD CONSTRAINT common_customer_copy_customer_id_1ae55a0c_fk_common_customer_id FOREIGN KEY (copy_customer_id) REFERENCES public.common_customer(id) DEFERRABLE INITIALLY DEFERRED;


--
-- Name: common_customer common_customer_location_id_48ec1ce7_fk_common_location_id; Type: FK CONSTRAINT; Schema: public; Owner: ht_med_crm
--

ALTER TABLE ONLY public.common_customer
    ADD CONSTRAINT common_customer_location_id_48ec1ce7_fk_common_location_id FOREIGN KEY (location_id) REFERENCES public.common_location(id) DEFERRABLE INITIALLY DEFERRED;


--
-- Name: common_customer common_customer_medical_id_b6bf74c6_fk_common_medicalsector_id; Type: FK CONSTRAINT; Schema: public; Owner: ht_med_crm
--

ALTER TABLE ONLY public.common_customer
    ADD CONSTRAINT common_customer_medical_id_b6bf74c6_fk_common_medicalsector_id FOREIGN KEY (medical_id) REFERENCES public.common_medicalsector(id) DEFERRABLE INITIALLY DEFERRED;


--
-- Name: common_customer common_customer_payment_method_id_b40edc74_fk_common_pa; Type: FK CONSTRAINT; Schema: public; Owner: ht_med_crm
--

ALTER TABLE ONLY public.common_customer
    ADD CONSTRAINT common_customer_payment_method_id_b40edc74_fk_common_pa FOREIGN KEY (payment_method_id) REFERENCES public.common_paymentmethod(id) DEFERRABLE INITIALLY DEFERRED;


--
-- Name: common_customer common_customer_payment_type_id_0d03d03e_fk_common_pa; Type: FK CONSTRAINT; Schema: public; Owner: ht_med_crm
--

ALTER TABLE ONLY public.common_customer
    ADD CONSTRAINT common_customer_payment_type_id_0d03d03e_fk_common_pa FOREIGN KEY (payment_type_id) REFERENCES public.common_paymenttype(id) DEFERRABLE INITIALLY DEFERRED;


--
-- Name: common_customer_products common_customer_prod_customer_id_7196d4e9_fk_common_cu; Type: FK CONSTRAINT; Schema: public; Owner: ht_med_crm
--

ALTER TABLE ONLY public.common_customer_products
    ADD CONSTRAINT common_customer_prod_customer_id_7196d4e9_fk_common_cu FOREIGN KEY (customer_id) REFERENCES public.common_customer(id) DEFERRABLE INITIALLY DEFERRED;


--
-- Name: common_customer_products common_customer_prod_product_id_930519cd_fk_common_pr; Type: FK CONSTRAINT; Schema: public; Owner: ht_med_crm
--

ALTER TABLE ONLY public.common_customer_products
    ADD CONSTRAINT common_customer_prod_product_id_930519cd_fk_common_pr FOREIGN KEY (product_id) REFERENCES public.common_product(id) DEFERRABLE INITIALLY DEFERRED;


--
-- Name: common_customer common_customer_sector_id_40d76171_fk_common_sector_id; Type: FK CONSTRAINT; Schema: public; Owner: ht_med_crm
--

ALTER TABLE ONLY public.common_customer
    ADD CONSTRAINT common_customer_sector_id_40d76171_fk_common_sector_id FOREIGN KEY (sector_id) REFERENCES public.common_sector(id) DEFERRABLE INITIALLY DEFERRED;


--
-- Name: common_customer common_customer_seller_id_f6bf4ef1_fk_user_seller_id; Type: FK CONSTRAINT; Schema: public; Owner: ht_med_crm
--

ALTER TABLE ONLY public.common_customer
    ADD CONSTRAINT common_customer_seller_id_f6bf4ef1_fk_user_seller_id FOREIGN KEY (seller_id) REFERENCES public.user_seller(id) DEFERRABLE INITIALLY DEFERRED;


--
-- Name: common_customer common_customer_source_id_d374b81d_fk_common_source_id; Type: FK CONSTRAINT; Schema: public; Owner: ht_med_crm
--

ALTER TABLE ONLY public.common_customer
    ADD CONSTRAINT common_customer_source_id_d374b81d_fk_common_source_id FOREIGN KEY (source_id) REFERENCES public.common_source(id) DEFERRABLE INITIALLY DEFERRED;


--
-- Name: common_location common_location_seller_id_767bcad3_fk_user_seller_id; Type: FK CONSTRAINT; Schema: public; Owner: ht_med_crm
--

ALTER TABLE ONLY public.common_location
    ADD CONSTRAINT common_location_seller_id_767bcad3_fk_user_seller_id FOREIGN KEY (seller_id) REFERENCES public.user_seller(id) DEFERRABLE INITIALLY DEFERRED;


--
-- Name: common_medicalsector common_medicalsector_location_id_088ba172_fk_common_location_id; Type: FK CONSTRAINT; Schema: public; Owner: ht_med_crm
--

ALTER TABLE ONLY public.common_medicalsector
    ADD CONSTRAINT common_medicalsector_location_id_088ba172_fk_common_location_id FOREIGN KEY (location_id) REFERENCES public.common_location(id) DEFERRABLE INITIALLY DEFERRED;


--
-- Name: common_medicalsector common_medicalsector_sector_id_716c353d_fk_common_sector_id; Type: FK CONSTRAINT; Schema: public; Owner: ht_med_crm
--

ALTER TABLE ONLY public.common_medicalsector
    ADD CONSTRAINT common_medicalsector_sector_id_716c353d_fk_common_sector_id FOREIGN KEY (sector_id) REFERENCES public.common_sector(id) DEFERRABLE INITIALLY DEFERRED;


--
-- Name: common_medicalsector common_medicalsector_seller_id_ccdd66a0_fk_user_seller_id; Type: FK CONSTRAINT; Schema: public; Owner: ht_med_crm
--

ALTER TABLE ONLY public.common_medicalsector
    ADD CONSTRAINT common_medicalsector_seller_id_ccdd66a0_fk_user_seller_id FOREIGN KEY (seller_id) REFERENCES public.user_seller(id) DEFERRABLE INITIALLY DEFERRED;


--
-- Name: common_product common_product_seller_id_456bb9f8_fk_user_seller_id; Type: FK CONSTRAINT; Schema: public; Owner: ht_med_crm
--

ALTER TABLE ONLY public.common_product
    ADD CONSTRAINT common_product_seller_id_456bb9f8_fk_user_seller_id FOREIGN KEY (seller_id) REFERENCES public.user_seller(id) DEFERRABLE INITIALLY DEFERRED;


--
-- Name: common_sale common_sale_product_id_87bddfec_fk_common_product_id; Type: FK CONSTRAINT; Schema: public; Owner: ht_med_crm
--

ALTER TABLE ONLY public.common_sale
    ADD CONSTRAINT common_sale_product_id_87bddfec_fk_common_product_id FOREIGN KEY (product_id) REFERENCES public.common_product(id) DEFERRABLE INITIALLY DEFERRED;


--
-- Name: common_sale common_sale_seller_id_51531380_fk_user_seller_id; Type: FK CONSTRAINT; Schema: public; Owner: ht_med_crm
--

ALTER TABLE ONLY public.common_sale
    ADD CONSTRAINT common_sale_seller_id_51531380_fk_user_seller_id FOREIGN KEY (seller_id) REFERENCES public.user_seller(id) DEFERRABLE INITIALLY DEFERRED;


--
-- Name: common_sector common_sector_location_id_9efc7778_fk_common_location_id; Type: FK CONSTRAINT; Schema: public; Owner: ht_med_crm
--

ALTER TABLE ONLY public.common_sector
    ADD CONSTRAINT common_sector_location_id_9efc7778_fk_common_location_id FOREIGN KEY (location_id) REFERENCES public.common_location(id) DEFERRABLE INITIALLY DEFERRED;


--
-- Name: common_sector common_sector_seller_id_9449e44c_fk_user_seller_id; Type: FK CONSTRAINT; Schema: public; Owner: ht_med_crm
--

ALTER TABLE ONLY public.common_sector
    ADD CONSTRAINT common_sector_seller_id_9449e44c_fk_user_seller_id FOREIGN KEY (seller_id) REFERENCES public.user_seller(id) DEFERRABLE INITIALLY DEFERRED;


--
-- Name: common_source common_source_seller_id_05993827_fk_user_seller_id; Type: FK CONSTRAINT; Schema: public; Owner: ht_med_crm
--

ALTER TABLE ONLY public.common_source
    ADD CONSTRAINT common_source_seller_id_05993827_fk_user_seller_id FOREIGN KEY (seller_id) REFERENCES public.user_seller(id) DEFERRABLE INITIALLY DEFERRED;


--
-- Name: common_statuschangerequest common_statuschanger_comment_id_ac3083a1_fk_user_comm; Type: FK CONSTRAINT; Schema: public; Owner: ht_med_crm
--

ALTER TABLE ONLY public.common_statuschangerequest
    ADD CONSTRAINT common_statuschanger_comment_id_ac3083a1_fk_user_comm FOREIGN KEY (comment_id) REFERENCES public.user_comment(id) DEFERRABLE INITIALLY DEFERRED;


--
-- Name: common_statuschangerequest common_statuschanger_customer_id_fdb3db6d_fk_common_cu; Type: FK CONSTRAINT; Schema: public; Owner: ht_med_crm
--

ALTER TABLE ONLY public.common_statuschangerequest
    ADD CONSTRAINT common_statuschanger_customer_id_fdb3db6d_fk_common_cu FOREIGN KEY (customer_id) REFERENCES public.common_customer(id) DEFERRABLE INITIALLY DEFERRED;


--
-- Name: common_statuschangerequest common_statuschangerequest_seller_id_40d95924_fk_user_seller_id; Type: FK CONSTRAINT; Schema: public; Owner: ht_med_crm
--

ALTER TABLE ONLY public.common_statuschangerequest
    ADD CONSTRAINT common_statuschangerequest_seller_id_40d95924_fk_user_seller_id FOREIGN KEY (seller_id) REFERENCES public.user_seller(id) DEFERRABLE INITIALLY DEFERRED;


--
-- Name: common_sublocation common_sublocation_location_id_3d13e8e5_fk_common_location_id; Type: FK CONSTRAINT; Schema: public; Owner: ht_med_crm
--

ALTER TABLE ONLY public.common_sublocation
    ADD CONSTRAINT common_sublocation_location_id_3d13e8e5_fk_common_location_id FOREIGN KEY (location_id) REFERENCES public.common_location(id) DEFERRABLE INITIALLY DEFERRED;


--
-- Name: common_sublocation common_sublocation_seller_id_1c43f4d1_fk_user_seller_id; Type: FK CONSTRAINT; Schema: public; Owner: ht_med_crm
--

ALTER TABLE ONLY public.common_sublocation
    ADD CONSTRAINT common_sublocation_seller_id_1c43f4d1_fk_user_seller_id FOREIGN KEY (seller_id) REFERENCES public.user_seller(id) DEFERRABLE INITIALLY DEFERRED;


--
-- Name: django_admin_log django_admin_log_content_type_id_c4bce8eb_fk_django_co; Type: FK CONSTRAINT; Schema: public; Owner: ht_med_crm
--

ALTER TABLE ONLY public.django_admin_log
    ADD CONSTRAINT django_admin_log_content_type_id_c4bce8eb_fk_django_co FOREIGN KEY (content_type_id) REFERENCES public.django_content_type(id) DEFERRABLE INITIALLY DEFERRED;


--
-- Name: django_admin_log django_admin_log_user_id_c564eba6_fk_user_user_id; Type: FK CONSTRAINT; Schema: public; Owner: ht_med_crm
--

ALTER TABLE ONLY public.django_admin_log
    ADD CONSTRAINT django_admin_log_user_id_c564eba6_fk_user_user_id FOREIGN KEY (user_id) REFERENCES public.user_user(id) DEFERRABLE INITIALLY DEFERRED;


--
-- Name: token_blacklist_blacklistedtoken token_blacklist_blacklistedtoken_token_id_3cc7fe56_fk; Type: FK CONSTRAINT; Schema: public; Owner: ht_med_crm
--

ALTER TABLE ONLY public.token_blacklist_blacklistedtoken
    ADD CONSTRAINT token_blacklist_blacklistedtoken_token_id_3cc7fe56_fk FOREIGN KEY (token_id) REFERENCES public.token_blacklist_outstandingtoken(id) DEFERRABLE INITIALLY DEFERRED;


--
-- Name: token_blacklist_outstandingtoken token_blacklist_outs_user_id_83bc629a_fk_user_user; Type: FK CONSTRAINT; Schema: public; Owner: ht_med_crm
--

ALTER TABLE ONLY public.token_blacklist_outstandingtoken
    ADD CONSTRAINT token_blacklist_outs_user_id_83bc629a_fk_user_user FOREIGN KEY (user_id) REFERENCES public.user_user(id) DEFERRABLE INITIALLY DEFERRED;


--
-- Name: user_calendar user_calendar_customer_id_f97f4515_fk_common_customer_id; Type: FK CONSTRAINT; Schema: public; Owner: ht_med_crm
--

ALTER TABLE ONLY public.user_calendar
    ADD CONSTRAINT user_calendar_customer_id_f97f4515_fk_common_customer_id FOREIGN KEY (customer_id) REFERENCES public.common_customer(id) DEFERRABLE INITIALLY DEFERRED;


--
-- Name: user_calendar user_calendar_seller_id_9331ce6e_fk_user_seller_id; Type: FK CONSTRAINT; Schema: public; Owner: ht_med_crm
--

ALTER TABLE ONLY public.user_calendar
    ADD CONSTRAINT user_calendar_seller_id_9331ce6e_fk_user_seller_id FOREIGN KEY (seller_id) REFERENCES public.user_seller(id) DEFERRABLE INITIALLY DEFERRED;


--
-- Name: user_comment user_comment_customer_id_e0b8540c_fk_common_customer_id; Type: FK CONSTRAINT; Schema: public; Owner: ht_med_crm
--

ALTER TABLE ONLY public.user_comment
    ADD CONSTRAINT user_comment_customer_id_e0b8540c_fk_common_customer_id FOREIGN KEY (customer_id) REFERENCES public.common_customer(id) DEFERRABLE INITIALLY DEFERRED;


--
-- Name: user_comment user_comment_seller_id_b876f9cb_fk_user_seller_id; Type: FK CONSTRAINT; Schema: public; Owner: ht_med_crm
--

ALTER TABLE ONLY public.user_comment
    ADD CONSTRAINT user_comment_seller_id_b876f9cb_fk_user_seller_id FOREIGN KEY (seller_id) REFERENCES public.user_seller(id) DEFERRABLE INITIALLY DEFERRED;


--
-- Name: user_confirmsale user_confirmsale_customer_id_91408030_fk_user_user_id; Type: FK CONSTRAINT; Schema: public; Owner: ht_med_crm
--

ALTER TABLE ONLY public.user_confirmsale
    ADD CONSTRAINT user_confirmsale_customer_id_91408030_fk_user_user_id FOREIGN KEY (customer_id) REFERENCES public.user_user(id) DEFERRABLE INITIALLY DEFERRED;


--
-- Name: user_notifications user_notifications_seller_id_e1890158_fk_user_seller_id; Type: FK CONSTRAINT; Schema: public; Owner: ht_med_crm
--

ALTER TABLE ONLY public.user_notifications
    ADD CONSTRAINT user_notifications_seller_id_e1890158_fk_user_seller_id FOREIGN KEY (seller_id) REFERENCES public.user_seller(id) DEFERRABLE INITIALLY DEFERRED;


--
-- Name: user_seller_page_permissions user_seller_page_per_seller_id_a8761f1d_fk_user_sell; Type: FK CONSTRAINT; Schema: public; Owner: ht_med_crm
--

ALTER TABLE ONLY public.user_seller_page_permissions
    ADD CONSTRAINT user_seller_page_per_seller_id_a8761f1d_fk_user_sell FOREIGN KEY (seller_id) REFERENCES public.user_seller(id) DEFERRABLE INITIALLY DEFERRED;


--
-- Name: user_seller_page_permissions user_seller_page_permissions_page_id_99b7f451_fk_user_page_id; Type: FK CONSTRAINT; Schema: public; Owner: ht_med_crm
--

ALTER TABLE ONLY public.user_seller_page_permissions
    ADD CONSTRAINT user_seller_page_permissions_page_id_99b7f451_fk_user_page_id FOREIGN KEY (page_id) REFERENCES public.user_page(id) DEFERRABLE INITIALLY DEFERRED;


--
-- Name: user_seller user_seller_user_id_562c7bc7_fk_user_user_id; Type: FK CONSTRAINT; Schema: public; Owner: ht_med_crm
--

ALTER TABLE ONLY public.user_seller
    ADD CONSTRAINT user_seller_user_id_562c7bc7_fk_user_user_id FOREIGN KEY (user_id) REFERENCES public.user_user(id) DEFERRABLE INITIALLY DEFERRED;


--
-- Name: user_sellerbuttonclick user_sellerbuttonclick_page_id_68bb33fa_fk_user_page_id; Type: FK CONSTRAINT; Schema: public; Owner: ht_med_crm
--

ALTER TABLE ONLY public.user_sellerbuttonclick
    ADD CONSTRAINT user_sellerbuttonclick_page_id_68bb33fa_fk_user_page_id FOREIGN KEY (page_id) REFERENCES public.user_page(id) DEFERRABLE INITIALLY DEFERRED;


--
-- Name: user_sellerbuttonclick user_sellerbuttonclick_seller_id_cffa5c2c_fk_user_seller_id; Type: FK CONSTRAINT; Schema: public; Owner: ht_med_crm
--

ALTER TABLE ONLY public.user_sellerbuttonclick
    ADD CONSTRAINT user_sellerbuttonclick_seller_id_cffa5c2c_fk_user_seller_id FOREIGN KEY (seller_id) REFERENCES public.user_seller(id) DEFERRABLE INITIALLY DEFERRED;


--
-- Name: user_sellercoin user_sellercoin_seller_id_b654b7e9_fk_user_seller_id; Type: FK CONSTRAINT; Schema: public; Owner: ht_med_crm
--

ALTER TABLE ONLY public.user_sellercoin
    ADD CONSTRAINT user_sellercoin_seller_id_b654b7e9_fk_user_seller_id FOREIGN KEY (seller_id) REFERENCES public.user_seller(id) DEFERRABLE INITIALLY DEFERRED;


--
-- Name: user_sellercustomerview user_sellercustomerv_customer_id_c20ada7d_fk_common_cu; Type: FK CONSTRAINT; Schema: public; Owner: ht_med_crm
--

ALTER TABLE ONLY public.user_sellercustomerview
    ADD CONSTRAINT user_sellercustomerv_customer_id_c20ada7d_fk_common_cu FOREIGN KEY (customer_id) REFERENCES public.common_customer(id) DEFERRABLE INITIALLY DEFERRED;


--
-- Name: user_sellercustomerview user_sellercustomerview_seller_id_20deb322_fk_user_seller_id; Type: FK CONSTRAINT; Schema: public; Owner: ht_med_crm
--

ALTER TABLE ONLY public.user_sellercustomerview
    ADD CONSTRAINT user_sellercustomerview_seller_id_20deb322_fk_user_seller_id FOREIGN KEY (seller_id) REFERENCES public.user_seller(id) DEFERRABLE INITIALLY DEFERRED;


--
-- Name: user_sellerpagevisitduration user_sellerpagevisit_seller_id_0a3c7a87_fk_user_sell; Type: FK CONSTRAINT; Schema: public; Owner: ht_med_crm
--

ALTER TABLE ONLY public.user_sellerpagevisitduration
    ADD CONSTRAINT user_sellerpagevisit_seller_id_0a3c7a87_fk_user_sell FOREIGN KEY (seller_id) REFERENCES public.user_seller(id) DEFERRABLE INITIALLY DEFERRED;


--
-- Name: user_sellerpagevisitduration user_sellerpagevisitduration_page_id_905e4885_fk_user_page_id; Type: FK CONSTRAINT; Schema: public; Owner: ht_med_crm
--

ALTER TABLE ONLY public.user_sellerpagevisitduration
    ADD CONSTRAINT user_sellerpagevisitduration_page_id_905e4885_fk_user_page_id FOREIGN KEY (page_id) REFERENCES public.user_page(id) DEFERRABLE INITIALLY DEFERRED;


--
-- Name: user_sellervisit user_sellervisit_user_id_4844d563_fk_user_seller_id; Type: FK CONSTRAINT; Schema: public; Owner: ht_med_crm
--

ALTER TABLE ONLY public.user_sellervisit
    ADD CONSTRAINT user_sellervisit_user_id_4844d563_fk_user_seller_id FOREIGN KEY (user_id) REFERENCES public.user_seller(id) DEFERRABLE INITIALLY DEFERRED;


--
-- Name: user_sms_sellers user_sms_sellers_seller_id_afb092b9_fk_user_seller_id; Type: FK CONSTRAINT; Schema: public; Owner: ht_med_crm
--

ALTER TABLE ONLY public.user_sms_sellers
    ADD CONSTRAINT user_sms_sellers_seller_id_afb092b9_fk_user_seller_id FOREIGN KEY (seller_id) REFERENCES public.user_seller(id) DEFERRABLE INITIALLY DEFERRED;


--
-- Name: user_sms_sellers user_sms_sellers_sms_id_0cf1f20e_fk_user_sms_id; Type: FK CONSTRAINT; Schema: public; Owner: ht_med_crm
--

ALTER TABLE ONLY public.user_sms_sellers
    ADD CONSTRAINT user_sms_sellers_sms_id_0cf1f20e_fk_user_sms_id FOREIGN KEY (sms_id) REFERENCES public.user_sms(id) DEFERRABLE INITIALLY DEFERRED;


--
-- Name: user_user_groups user_user_groups_group_id_c57f13c0_fk_auth_group_id; Type: FK CONSTRAINT; Schema: public; Owner: ht_med_crm
--

ALTER TABLE ONLY public.user_user_groups
    ADD CONSTRAINT user_user_groups_group_id_c57f13c0_fk_auth_group_id FOREIGN KEY (group_id) REFERENCES public.auth_group(id) DEFERRABLE INITIALLY DEFERRED;


--
-- Name: user_user_groups user_user_groups_user_id_13f9a20d_fk_user_user_id; Type: FK CONSTRAINT; Schema: public; Owner: ht_med_crm
--

ALTER TABLE ONLY public.user_user_groups
    ADD CONSTRAINT user_user_groups_user_id_13f9a20d_fk_user_user_id FOREIGN KEY (user_id) REFERENCES public.user_user(id) DEFERRABLE INITIALLY DEFERRED;


--
-- Name: user_user_user_permissions user_user_user_permi_permission_id_ce49d4de_fk_auth_perm; Type: FK CONSTRAINT; Schema: public; Owner: ht_med_crm
--

ALTER TABLE ONLY public.user_user_user_permissions
    ADD CONSTRAINT user_user_user_permi_permission_id_ce49d4de_fk_auth_perm FOREIGN KEY (permission_id) REFERENCES public.auth_permission(id) DEFERRABLE INITIALLY DEFERRED;


--
-- Name: user_user_user_permissions user_user_user_permissions_user_id_31782f58_fk_user_user_id; Type: FK CONSTRAINT; Schema: public; Owner: ht_med_crm
--

ALTER TABLE ONLY public.user_user_user_permissions
    ADD CONSTRAINT user_user_user_permissions_user_id_31782f58_fk_user_user_id FOREIGN KEY (user_id) REFERENCES public.user_user(id) DEFERRABLE INITIALLY DEFERRED;


--
-- PostgreSQL database dump complete
--

